policy,target,topology_id,unsafe_rate,false_alarm_rate,realized_escalation,conditional_risk,miss_rate
classifier_conf,0.05,close32_open01,0.47725555555555554,0.046668750336316026,0.050944444444444445,0.737441349431254,0.5807512721843486
classifier_conf,0.05,close32_open03,0.31427777777777777,0.006411561418622378,0.050944444444444445,0.48723816655707963,0.47106784814799735
classifier_conf,0.05,close32_open04,0.30233333333333334,0.005143784525621089,0.050944444444444445,0.4691665693568786,0.4607393973676237
classifier_conf,0.05,close32_open05,0.0005555555555555556,0.06580551414618296,0.050944444444444445,0.0008296561211129777,0.001957319578633711
classifier_conf,0.05,close32_open06,0.004266666666666667,0.09432878993331364,0.050944444444444445,0.006416467528308211,0.015791680308414487
classifier_conf,0.05,close32_open18,0.018455555555555555,0.0003743646222044,0.050944444444444445,0.028794967690134052,0.0488831898758861
classifier_conf,0.05,close32_open19,0.009077777777777777,0.0010702242304614555,0.050944444444444445,0.0141283343117131,0.024787799911119367
classifier_conf,0.05,close33_open08,0.0005111111111111111,0.0062943425997831785,0.050944444444444445,0.0007637047917981,0.0015631631967771666
classifier_conf,0.05,close33_open10,6.666666666666667e-05,0.010590917740004513,0.050944444444444445,9.929377549421111e-05,0.0002075049239707
classifier_conf,0.05,close33_open13,6.666666666666667e-05,0.01366936266627341,0.050944444444444445,9.919069216862223e-05,0.0002092996760361222
classifier_conf,0.05,close34_open01,0.6110590754257988,0.13053007223409654,0.050944444444444445,0.8791433521648662,0.6764082891544428
classifier_conf,0.05,close34_open02,0.4782555555555555,0.05035920854733292,0.050944444444444445,0.7373400790089447,0.5828029486253795
classifier_conf,0.05,close34_open04,0.44283333333333336,0.03254100397609656,0.050944444444444445,0.6834531756187083,0.5619644747573722
classifier_conf,0.05,close34_open06,0.0011444444444444445,0.10649549985110117,0.050944444444444445,0.0017016973310594779,0.004604724426332622
classifier_conf,0.05,close34_open07,0.008611111111111111,0.08307406530027998,0.050944444444444445,0.012957699154033067,0.030262814554573986
classifier_conf,0.05,close34_open08,0.011611111111111112,0.0751788542897672,0.050944444444444445,0.017511802078662278,0.03928107112404523
classifier_conf,0.05,close34_open09,0.015888888888888886,0.06751917249000555,0.050944444444444445,0.02402224041899699,0.05163891610302069
classifier_conf,0.05,close34_open10,0.020233333333333336,0.06103982251135609,0.050944444444444445,0.030647085090527746,0.06353388206302994
classifier_conf,0.05,close34_open17,0.07616666666666666,0.0003356250144885111,0.050944444444444445,0.11929666731913498,0.17404488587918165
classifier_conf,0.05,close34_open18,0.043588888888888885,0.0003918427598343667,0.050944444444444445,0.0683103560775063,0.10753052926561961
classifier_conf,0.05,close34_open19,0.02458888888888889,0.0009404433909769778,0.050944444444444445,0.03847532037030374,0.06384168270633034
classifier_conf,0.05,close35_open05,0.42146666666666666,0.03803848909353733,0.050944444444444445,0.6497305207043206,0.5517961979488628
classifier_conf,0.05,close35_open06,0.33493333333333336,0.020609137413864744,0.050944444444444445,0.5168059810481928,0.49234903388309154
classifier_conf,0.05,close35_open08,0.19441111111111112,0.005019702977322311,0.050944444444444445,0.3009924702240183,0.35590844499220364
classifier_conf,0.05,close35_open09,0.16540000000000002,0.0033923871673679227,0.050944444444444445,0.25613488830518355,0.3192752702592355
classifier_conf,0.05,close35_open10,0.13973333333333335,0.002454643419674011,0.050944444444444445,0.21655205262647714,0.28329278217929826
classifier_conf,0.05,close35_open11,0.10662222222222223,0.0023957139386351777,0.050944444444444445,0.16553488748468684,0.23113625418629521
classifier_conf,0.05,close35_open12,0.10596666666666667,0.01099063412933919,0.050944444444444445,0.16320023573520992,0.23510014433994902
classifier_conf,0.05,close35_open13,0.041355555555555555,0.007720717585793433,0.050944444444444445,0.06333519503713789,0.1077603306572591
classifier_conf,0.05,close35_open14,0.02092222222222222,0.006278415946330333,0.050944444444444445,0.03198538761634022,0.05763138323061834
classifier_conf,0.05,close35_open15,0.008122222222222222,0.004582925352837556,0.050944444444444445,0.012362477820522966,0.02332004605428822
classifier_conf,0.05,close35_open16,0.007877777777777779,0.0033158217559244,0.050944444444444445,0.011956666857924389,0.022709133983775668
classifier_conf,0.05,close35_open24,0.42812222222222224,0.018815122095044223,0.050944444444444445,0.6644677450497908,0.5490979958455052
classifier_conf,0.05,close35_open25,0.4094,0.01424331416647772,0.050944444444444445,0.6361304606974048,0.5369489410160598
classifier_conf,0.05,close35_open26,0.39166666666666666,0.010130755133604032,0.050944444444444445,0.60916398217258,0.5249127085262923
classifier_conf,0.05,close35_open27,0.37356666666666666,0.0070555534478440336,0.050944444444444445,0.5818836349943156,0.5119345665318892
classifier_conf,0.05,close35_open29,0.15122222222222223,0.0017642738316625223,0.050944444444444445,0.23785306557944277,0.29386121327096815
classifier_conf,0.05,close36_open03,0.29552222222222224,0.0057498985704862665,0.050944444444444445,0.45924896669376586,0.454615798996088
classifier_conf,0.05,close36_open04,0.2830333333333333,0.004431352392891433,0.050944444444444445,0.4404011071791959,0.44307768887947074
classifier_conf,0.05,close36_open21,0.2039,0.0009599384781383666,0.050944444444444445,0.3168042250194058,0.36419184419485523
classifier_conf,0.05,close36_open22,0.17204444444444444,0.0007306210203581999,0.050944444444444445,0.2676176803300516,0.3253310783685474
classifier_conf,0.05,close36_open23,0.05832222222222223,0.0004581191824738889,0.050944444444444445,0.09111790721496264,0.13949888595700127
classifier_conf,0.05,close36_open24,0.0009444444444444445,0.08041425552300499,0.050944444444444445,0.0014048940988062445,0.0034937874938730557
classifier_conf,0.05,close36_open25,0.00046666666666666666,0.08850201241111627,0.050944444444444445,0.0006925549402084445,0.0017795569487114556
classifier_conf,0.1,close32_open01,0.45883333333333337,0.01731557687350658,0.10235555555555556,0.7237178016483221,0.5583313085571386
classifier_conf,0.1,close32_open03,0.29666666666666663,0.0009373630403156556,0.10235555555555556,0.47146937873502826,0.44467020304355526
classifier_conf,0.1,close32_open04,0.2846444444444444,0.0005809063037720556,0.10235555555555556,0.453043106303817,0.4337823333207796
classifier_conf,0.1,close32_open05,8.888888888888888e-05,0.0463520897091493,0.10235555555555556,0.00013009662467484444,0.0003125549823156222
classifier_conf,0.1,close32_open06,0.0010888888888888888,0.0738191420309411,0.10235555555555556,0.0016091315450001112,0.004027087020525577
classifier_conf,0.1,close32_open18,0.008799999999999999,0.00016019602378016667,0.10235555555555556,0.013940125183674767,0.02330351391800509
classifier_conf,0.1,close32_open19,0.002644444444444444,0.0003335252439370111,0.10235555555555556,0.004156437654872367,0.007214647951784878
classifier_conf,0.1,close33_open08,6.666666666666667e-05,0.0005121499473324889,0.10235555555555556,9.922822118327778e-05,0.00020332287207275556
classifier_conf,0.1,close33_open10,2.2222222222222223e-05,0.003114396897140456,0.10235555555555556,3.2805376705344444e-05,6.927395881324444e-05
classifier_conf,0.1,close33_open13,2.2222222222222223e-05,0.003869834482119144,0.10235555555555556,3.2706519588455555e-05,6.985239704377777e-05
classifier_conf,0.1,close34_open01,0.5895906918811052,0.06771230271148349,0.10235555555555556,0.867453291663531,0.6526422849087781
classifier_conf,0.1,close34_open02,0.46032222222222224,0.018001003840029867,0.10235555555555556,0.7232038886344534,0.5609485488169028
classifier_conf,0.1,close34_open04,0.42533333333333334,0.008990352046072979,0.10235555555555556,0.6693638601263926,0.5397575222265745
classifier_conf,0.1,close34_open06,0.00025555555555555553,0.08629395474019469,0.10235555555555556,0.00037231613797633335,0.0010240629080097666
classifier_conf,0.1,close34_open07,0.0036999999999999997,0.06462393134344196,0.10235555555555556,0.005498015745591489,0.013001503623749211
classifier_conf,0.1,close34_open08,0.0057,0.05722893348142198,0.10235555555555556,0.008508123496947134,0.019283044175708076
classifier_conf,0.1,close34_open09,0.008722222222222221,0.05033204177798822,0.10235555555555556,0.013090796082199022,0.0283526477119783
classifier_conf,0.1,close34_open10,0.012122222222222222,0.04444377319960022,0.10235555555555556,0.0182698008236425,0.03807202148155268
classifier_conf,0.1,close34_open17,0.06093333333333333,0.0001574204201758111,0.10235555555555556,0.09775360505825853,0.139226638971019
classifier_conf,0.1,close34_open18,0.031044444444444444,0.00016761691585237776,0.10235555555555556,0.04961862006097287,0.0765847902627045
classifier_conf,0.1,close34_open19,0.013622222222222223,0.0002714404484094667,0.10235555555555556,0.021673070306019535,0.03537366799426342
classifier_conf,0.1,close35_open05,0.40404444444444443,0.012121711512336911,0.10235555555555556,0.6339124535955803,0.5289878189541519
classifier_conf,0.1,close35_open06,0.3175777777777778,0.004960840898929111,0.10235555555555556,0.4995422389527533,0.4668378431098412
classifier_conf,0.1,close35_open08,0.1778,0.0007359715412031111,0.10235555555555556,0.2816651739405342,0.3255019435286045
classifier_conf,0.1,close35_open09,0.14947777777777776,0.0006704571749666444,0.10235555555555556,0.23683029937034009,0.28854155966967204
classifier_conf,0.1,close35_open10,0.12456666666666666,0.0005039838500146222,0.10235555555555556,0.19737727166304875,0.25254510847189804
classifier_conf,0.1,close35_open11,0.09223333333333333,0.0008876887152544778,0.10235555555555556,0.1462752013963946,0.19994354752378268
classifier_conf,0.1,close35_open12,0.08985555555555555,0.0017596051935186334,0.10235555555555556,0.14077216648494376,0.19935533514722317
classifier_conf,0.1,close35_open13,0.029344444444444444,0.0015520048374492222,0.10235555555555556,0.04550909716259806,0.07646374569234611
classifier_conf,0.1,close35_open14,0.01158888888888889,0.0013434875634245,0.10235555555555556,0.017885962885238034,0.03191848432067228
classifier_conf,0.1,close35_open15,0.0027333333333333333,0.0006653079997842111,0.10235555555555556,0.0041798746555925005,0.007841769443757744
classifier_conf,0.1,close35_open16,0.0031999999999999997,0.0004080031770186556,0.10235555555555556,0.004876579208207878,0.009227103605761967
classifier_conf,0.1,close35_open24,0.4098777777777778,0.004875339834282878,0.10235555555555556,0.6514938267029118,0.5256982274550284
classifier_conf,0.1,close35_open25,0.3910666666666667,0.003420618432581522,0.10235555555555556,0.6229007324322212,0.5129041856954576
classifier_conf,0.1,close35_open26,0.3731,0.002110374980510389,0.10235555555555556,0.5955986346228141,0.5000289609506711
classifier_conf,0.1,close35_open27,0.35473333333333334,0.0013241717185707555,0.10235555555555556,0.5678336689719884,0.4861237700398821
classifier_conf,0.1,close35_open29,0.1328111111111111,0.0005958194339453111,0.10235555555555556,0.21492298387107092,0.25808475994245794
classifier_conf,0.1,close36_open03,0.2773888888888889,0.0006981659632309445,0.10235555555555556,0.4423114363700662,0.42672007747796253
classifier_conf,0.1,close36_open04,0.26478888888888885,0.0004616539379127,0.10235555555555556,0.42307351810138905,0.4145173428711995
classifier_conf,0.1,close36_open21,0.18652222222222223,0.00020123992991438888,0.10235555555555556,0.29767971165831386,0.33315709195533716
classifier_conf,0.1,close36_open22,0.15465555555555557,0.00018801106420355556,0.10235555555555556,0.24714746831300083,0.2924541883754101
classifier_conf,0.1,close36_open23,0.04337777777777777,0.0001716936608693222,0.10235555555555556,0.06936268338323065,0.1037531242605853
classifier_conf,0.1,close36_open24,0.0003111111111111111,0.061149200709070387,0.10235555555555556,0.00045354328255077774,0.0011506654066153223
classifier_conf,0.1,close36_open25,0.00011111111111111112,0.06840599606797738,0.10235555555555556,0.00016135939931607776,0.0004228077870603889
classifier_conf,0.2,close32_open01,0.41960000000000003,0.0006372765559638444,0.2003111111111111,0.7019830935950009,0.5105875301615429
classifier_conf,0.2,close32_open03,0.26126666666666665,0.00013168225010638888,0.2003111111111111,0.4397665558531556,0.39160818293696403
classifier_conf,0.2,close32_open04,0.24925555555555556,0.0001275220241916,0.2003111111111111,0.4202906444471004,0.3798519325066543
classifier_conf,0.2,close32_open05,2.2222222222222223e-05,0.020614228483102577,0.2003111111111111,3.1764691523966666e-05,7.767315656974445e-05
classifier_conf,0.2,close32_open06,7.777777777777778e-05,0.042099390024683846,0.2003111111111111,0.00011129648187786667,0.00028825048479948884
classifier_conf,0.2,close32_open18,0.0009555555555555555,8.888604944971112e-05,0.2003111111111111,0.0015316443497095334,0.0025333750400917667
classifier_conf,0.2,close32_open19,0.00012222222222222224,8.728565960477777e-05,0.2003111111111111,0.0001927990926842222,0.0003338051179602889
classifier_conf,0.2,close33_open08,0.0,8.247161160267778e-05,0.2003111111111111,0.0,0.0
classifier_conf,0.2,close33_open10,0.0,0.00021286453194096667,0.2003111111111111,0.0,0.0
classifier_conf,0.2,close33_open13,0.0,0.0002775523598329111,0.2003111111111111,0.0,0.0
classifier_conf,0.2,close34_open01,0.5414511287108793,0.010959543494350089,0.2003111111111111,0.8499758801354685,0.5993545937161532
classifier_conf,0.2,close34_open02,0.42194444444444446,0.0006832239613707,0.2003111111111111,0.7017953521705229,0.5141785891771089
classifier_conf,0.2,close34_open04,0.3887,0.00021046011260582222,0.2003111111111111,0.6471251465005632,0.49326864664342224
classifier_conf,0.2,close34_open06,2.2222222222222223e-05,0.05452357752369465,0.2003111111111111,3.131281203611111e-05,8.850264936962222e-05
classifier_conf,0.2,close34_open07,0.0005777777777777778,0.036746117522981986,0.2003111111111111,0.0008377766634803112,0.002031040004554089
classifier_conf,0.2,close34_open08,0.0010666666666666665,0.0308228365790071,0.2003111111111111,0.0015592552995383558,0.003611933333986522
classifier_conf,0.2,close34_open09,0.0022666666666666664,0.025582701118729997,0.2003111111111111,0.003346558232286189,0.0073775821505348005
classifier_conf,0.2,close34_open10,0.003777777777777778,0.02138889092659641,0.2003111111111111,0.0056308680491156445,0.011865456311776488
classifier_conf,0.2,close34_open17,0.03552222222222222,9.79496663592e-05,0.2003111111111111,0.059415314315747675,0.08117287722266489
classifier_conf,0.2,close34_open18,0.013911111111111112,9.296134173714445e-05,0.2003111111111111,0.0228546752311499,0.03433532582870687
classifier_conf,0.2,close34_open19,0.0033777777777777777,9.016764492040001e-05,0.2003111111111111,0.005458756222223845,0.008780501697076755
classifier_conf,0.2,close35_open05,0.3679111111111111,9.35504364788e-05,0.2003111111111111,0.6090399126991993,0.4816818902393083
classifier_conf,0.2,close35_open06,0.28236666666666665,0.00017262364996112223,0.2003111111111111,0.46900813549267756,0.4150797891274959
classifier_conf,0.2,close35_open08,0.14632222222222221,0.00012154004557637777,0.2003111111111111,0.24385915927063553,0.2678843033140643
classifier_conf,0.2,close35_open09,0.11988888888888888,0.0001145780523673889,0.2003111111111111,0.1992078061185102,0.23143479715482776
classifier_conf,0.2,close35_open10,0.09667777777777778,0.00013068511115989998,0.2003111111111111,0.16022384822066663,0.19601430938528505
classifier_conf,0.2,close35_open11,0.06671111111111111,0.00018472439913528888,0.2003111111111111,0.11019924313410337,0.14462575662627453
classifier_conf,0.2,close35_open12,0.060733333333333334,0.00010060269623108888,0.2003111111111111,0.09955282307132084,0.13475033370876813
classifier_conf,0.2,close35_open13,0.011600000000000001,0.00016191594787267775,0.2003111111111111,0.01846747465235931,0.03024414517560242
classifier_conf,0.2,close35_open14,0.002488888888888889,0.00020882918294186665,0.2003111111111111,0.0038895025265919666,0.006865726043528244
classifier_conf,0.2,close35_open15,0.0002666666666666667,0.00013641947758172223,0.2003111111111111,0.0004095715382534333,0.0007638514210709445
classifier_conf,0.2,close35_open16,0.0006666666666666666,8.488834837276666e-05,0.2003111111111111,0.0010191365169011444,0.0019241487989385
classifier_conf,0.2,close35_open24,0.3733,0.00010012097462741112,0.2003111111111111,0.62887029457238,0.47878479199588153
classifier_conf,0.2,close35_open25,0.3545777777777778,9.296129697735554e-05,0.2003111111111111,0.5988403022525981,0.4650468525822238
classifier_conf,0.2,close35_open26,0.3365666666666667,0.00012899981016934443,0.2003111111111111,0.5700790314595534,0.4510690987709433
classifier_conf,0.2,close35_open27,0.3181111111111111,0.00012112668833753334,0.2003111111111111,0.5406318967601194,0.43593531628124355
classifier_conf,0.2,close35_open29,0.10293333333333334,0.00013692217989216666,0.2003111111111111,0.1749711596680218,0.2000376455895388
classifier_conf,0.2,close36_open03,0.24168888888888887,0.00012576545404079998,0.2003111111111111,0.4085144503611308,0.3718010022461024
classifier_conf,0.2,close36_open04,0.22903333333333334,0.00012155450111293336,0.2003111111111111,0.3880445523426708,0.3585434434822205
classifier_conf,0.2,close36_open21,0.15131111111111112,0.00012537435579534442,0.2003111111111111,0.25585564635252106,0.2702734112846716
classifier_conf,0.2,close36_open22,0.11963333333333333,0.0001172503438675889,0.2003111111111111,0.20250915722744423,0.22623680272733393
classifier_conf,0.2,close36_open23,0.020555555555555556,9.51101568809e-05,0.2003111111111111,0.03410890410459406,0.049172535385334046
classifier_conf,0.2,close36_open24,6.666666666666667e-05,0.03245538751203942,0.2003111111111111,9.428522138875555e-05,0.0002474369532603333
classifier_conf,0.2,close36_open25,2.2222222222222223e-05,0.037377829845921445,0.2003111111111111,3.13391905003e-05,8.411147189582222e-05
conservative_and,0.05,close32_open01,0.006388888888888889,0.06965815087534527,0.0252,0.03712048712066138,0.007775368579947012
conservative_and,0.05,close32_open03,0.005744444444444444,0.015236921426396932,0.03553333333333333,0.01720716835085249,0.008615388425907734
conservative_and,0.05,close32_open04,0.004866666666666667,0.012527534789527745,0.03782222222222223,0.01414317453810652,0.007414804590771344
conservative_and,0.05,close32_open05,0.0,0.07867945134785011,0.050666666666666665,0.0,0.0
conservative_and,0.05,close32_open06,0.0,0.10662051430444325,0.05274444444444445,0.0,0.0
conservative_and,0.05,close32_open18,0.0015555555555555557,0.0010177397995216556,0.05307777777777778,0.002496665151013811,0.004117163225447755
conservative_and,0.05,close32_open19,0.0020555555555555557,0.0016137706964266224,0.05302222222222222,0.0032380202867037444,0.005613613516932422
conservative_and,0.05,close33_open08,6.666666666666667e-05,0.016118713205601914,0.05352222222222222,0.00010056850788881112,0.0002045719155338
conservative_and,0.05,close33_open10,3.3333333333333335e-05,0.021231306130872443,0.05405555555555555,5.009518386075555e-05,0.00010455876202423334
conservative_and,0.05,close33_open13,0.0,0.024984908394154334,0.05427777777777778,0.0,0.0
conservative_and,0.05,close34_open01,0.005151066084369078,0.17713093528618096,0.013477777777777778,0.060672228785227315,0.005703276178866455
conservative_and,0.05,close34_open02,0.0061333333333333335,0.07977080520082717,0.022077777777777776,0.03584032595951661,0.00747392109750211
conservative_and,0.05,close34_open04,0.006222222222222223,0.04954686246695207,0.02547777777777778,0.02989504908644098,0.007900169519273378
conservative_and,0.05,close34_open06,0.0,0.11851249949418229,0.05176666666666666,0.0,0.0
conservative_and,0.05,close34_open07,0.0,0.09416060404686857,0.05322222222222222,0.0,0.0
conservative_and,0.05,close34_open08,0.0,0.08561746177461262,0.054655555555555554,0.0,0.0
conservative_and,0.05,close34_open09,0.0,0.07846692033636533,0.05542222222222223,0.0,0.0
conservative_and,0.05,close34_open10,0.0,0.07262901337891654,0.05581111111111111,0.0,0.0
conservative_and,0.05,close34_open17,0.0023555555555555556,0.0007705651841762778,0.05196666666666667,0.004176783095233433,0.005379951003766322
conservative_and,0.05,close34_open18,0.002011111111111111,0.0012897141745844443,0.052277777777777784,0.003376030152527089,0.004959794909088122
conservative_and,0.05,close34_open19,0.002288888888888889,0.002568337625538356,0.052500000000000005,0.003714824668676656,0.0059504503492032335
conservative_and,0.05,close35_open05,0.003522222222222222,0.059127965845054725,0.029222222222222222,0.015583414626866965,0.004613460395752133
conservative_and,0.05,close35_open06,0.002633333333333333,0.03292378302512814,0.03634444444444444,0.008451140230709411,0.003869649276249344
conservative_and,0.05,close35_open08,0.0015555555555555557,0.010135273739743711,0.0455,0.0034504459328619447,0.0028485815033451665
conservative_and,0.05,close35_open09,0.0018666666666666666,0.009255568767468768,0.04326666666666667,0.003894601943096511,0.003603332230756333
conservative_and,0.05,close35_open10,0.0015,0.0069532695994787225,0.0463,0.0029667599567256998,0.0030456150170247776
conservative_and,0.05,close35_open11,0.0019444444444444446,0.005284410322823956,0.04812222222222222,0.003619187539531355,0.004210563966686
conservative_and,0.05,close35_open12,0.0020444444444444442,0.018695997540449413,0.051255555555555554,0.003778316167543156,0.0045367111974156
conservative_and,0.05,close35_open13,0.0015666666666666667,0.014587294231727832,0.053677777777777776,0.0025713050306632223,0.004086777786749122
conservative_and,0.05,close35_open14,0.001511111111111111,0.011712034145467622,0.05346666666666667,0.002395328861775278,0.004161937557024922
conservative_and,0.05,close35_open15,0.0013222222222222222,0.009365869406361266,0.053677777777777776,0.0020438509798967777,0.003798174402984011
conservative_and,0.05,close35_open16,0.0009222222222222223,0.009356332552049066,0.05458888888888889,0.0014223843607228666,0.002661968508365533
conservative_and,0.05,close35_open24,0.008366666666666668,0.038571403159288704,0.025333333333333333,0.03793462713427265,0.010737408970714157
conservative_and,0.05,close35_open25,0.008133333333333333,0.03324958378104306,0.026622222222222224,0.03418715822263441,0.010672045093177767
conservative_and,0.05,close35_open26,0.008233333333333334,0.028961573287540645,0.028822222222222218,0.03227144954792229,0.011041618324507644
conservative_and,0.05,close35_open27,0.007744444444444444,0.024875268855057333,0.030355555555555556,0.028531712508613877,0.010616977315962655
conservative_and,0.05,close35_open29,0.0014777777777777777,0.005380657302849978,0.04597777777777778,0.0030539116559760667,0.0028698907025272
conservative_and,0.05,close36_open03,0.002266666666666667,0.013872380198202812,0.038766666666666665,0.006501959362033311,0.0034921449935258336
conservative_and,0.05,close36_open04,0.0021777777777777776,0.011891709983906823,0.039711111111111114,0.0060491829707338554,0.0034134686554526113
conservative_and,0.05,close36_open21,0.005377777777777777,0.0022967125201697335,0.04922222222222222,0.012105634660883678,0.009600671509526001
conservative_and,0.05,close36_open22,0.005155555555555556,0.0014141914362669,0.05021111111111111,0.010844796112867644,0.009744347299569711
conservative_and,0.05,close36_open23,0.0032222222222222222,0.0012421406439781,0.053566666666666665,0.005516497738420278,0.0077013252058258
conservative_and,0.05,close36_open24,0.0,0.09204862337834027,0.05223333333333333,0.0,0.0
conservative_and,0.05,close36_open25,0.0,0.1001415550796215,0.05223333333333333,0.0,0.0
conservative_and,0.1,close32_open01,0.0015888888888888888,0.05444363192890746,0.04922222222222222,0.009360581163075844,0.0019329948623176556
conservative_and,0.1,close32_open03,0.0008777777777777777,0.009148537258766933,0.07111111111111111,0.0026568359141534888,0.0013152356414597112
conservative_and,0.1,close32_open04,0.0008555555555555556,0.0069654187220664875,0.07247777777777778,0.002497690474032922,0.0013045200625127666
conservative_and,0.1,close32_open05,0.0,0.061210539093567475,0.0988,0.0,0.0
conservative_and,0.1,close32_open06,0.0,0.08708175107505768,0.101,0.0,0.0
conservative_and,0.1,close32_open18,3.3333333333333335e-05,5.33418680322e-05,0.1041,5.333617823295556e-05,8.886519150447779e-05
conservative_and,0.1,close32_open19,0.0,0.00022830387723026663,0.10295555555555555,0.0,0.0
conservative_and,0.1,close33_open08,0.0,0.008979424237416867,0.10568888888888889,0.0,0.0
conservative_and,0.1,close33_open10,0.0,0.012639847178291044,0.10522222222222223,0.0,0.0
conservative_and,0.1,close33_open13,0.0,0.016687858625157665,0.1055,0.0,0.0
conservative_and,0.1,close34_open01,0.002227573289248489,0.15256408462092916,0.024577777777777778,0.026471281764183324,0.0024660486202816665
conservative_and,0.1,close34_open02,0.0027666666666666664,0.0628957863655878,0.04321111111111112,0.01624213786222909,0.0033691297417754226
conservative_and,0.1,close34_open04,0.0016777777777777776,0.034955835670597186,0.050633333333333336,0.008117880307118755,0.002130481175451989
conservative_and,0.1,close34_open06,0.0,0.09939020595504713,0.10012222222222222,0.0,0.0
conservative_and,0.1,close34_open07,0.0,0.07550819100785987,0.10551111111111111,0.0,0.0
conservative_and,0.1,close34_open08,0.0,0.06884869629665848,0.10601111111111111,0.0,0.0
conservative_and,0.1,close34_open09,0.0,0.06170388217210121,0.10696666666666667,0.0,0.0
conservative_and,0.1,close34_open10,0.0,0.05593335133228431,0.10824444444444443,0.0,0.0
conservative_and,0.1,close34_open17,3.3333333333333335e-05,5.91436006624e-05,0.10105555555555555,5.904495705256668e-05,7.656672576948889e-05
conservative_and,0.1,close34_open18,3.3333333333333335e-05,0.00039044136880819996,0.10200000000000001,5.580668564093333e-05,8.281573498963332e-05
conservative_and,0.1,close34_open19,0.0,0.0004885575736207445,0.10283333333333333,0.0,0.0
conservative_and,0.1,close35_open05,0.0005,0.0473019303814357,0.057355555555555555,0.002224870996100478,0.0006541058744311333
conservative_and,0.1,close35_open06,0.00013333333333333334,0.022812515229575333,0.06946666666666666,0.00042459343494236665,0.0001963959530492
conservative_and,0.1,close35_open08,0.0,0.0060225601501091115,0.08468888888888888,0.0,0.0
conservative_and,0.1,close35_open09,0.0,0.004452805203489533,0.0850888888888889,0.0,0.0
conservative_and,0.1,close35_open10,0.0,0.0024755251053388888,0.09022222222222222,0.0,0.0
conservative_and,0.1,close35_open11,0.0,0.0020622910703928556,0.09412222222222222,0.0,0.0
conservative_and,0.1,close35_open12,0.0,0.012907580541769333,0.09703333333333333,0.0,0.0
conservative_and,0.1,close35_open13,0.0,0.007407572647133556,0.10104444444444444,0.0,0.0
conservative_and,0.1,close35_open14,0.0,0.0054892198608391335,0.10242222222222222,0.0,0.0
conservative_and,0.1,close35_open15,3.3333333333333335e-05,0.003919626607877978,0.10381111111111112,5.164489166645556e-05,9.456264775413334e-05
conservative_and,0.1,close35_open16,0.0,0.0028576536835022443,0.10656666666666666,0.0,0.0
conservative_and,0.1,close35_open24,0.0035111111111111116,0.02508683422858788,0.05045555555555556,0.016022448747231334,0.004507743608513467
conservative_and,0.1,close35_open25,0.0036,0.022942970267542113,0.050555555555555555,0.015263872941679333,0.004723809551535833
conservative_and,0.1,close35_open26,0.0041,0.018468100963154745,0.054311111111111116,0.016121159673190756,0.005502543832543411
conservative_and,0.1,close35_open27,0.0032666666666666664,0.016134800901898477,0.057244444444444445,0.01216357774652779,0.004472935351118989
conservative_and,0.1,close35_open29,0.0,0.0018310672272494445,0.08945555555555557,0.0,0.0
conservative_and,0.1,close36_open03,4.4444444444444447e-05,0.00814060301030279,0.07393333333333334,0.00012582474375327776,6.89488744096111e-05
conservative_and,0.1,close36_open04,9.999999999999999e-05,0.006814089175620744,0.07455555555555556,0.00027469469451776667,0.0001577146880633222
conservative_and,0.1,close36_open21,0.0004555555555555555,0.00022559907123053332,0.09556666666666666,0.0010353896340362001,0.0008129875515104667
conservative_and,0.1,close36_open22,0.0005555555555555556,0.00014191413623836668,0.09762222222222222,0.0011813091915996222,0.001047691391954511
conservative_and,0.1,close36_open23,0.00018888888888888888,0.00034302883361995556,0.10376666666666666,0.0003253672993820667,0.00045025366990775553
conservative_and,0.1,close36_open24,0.0,0.0735897670612783,0.10218888888888888,0.0,0.0
conservative_and,0.1,close36_open25,0.0,0.08120212279845172,0.1007,0.0,0.0
conservative_and,0.2,close32_open01,5.555555555555556e-05,0.0306452751825417,0.09278888888888888,0.00032882698943456667,6.729150780385555e-05
conservative_and,0.2,close32_open03,3.3333333333333335e-05,0.0022363797417247334,0.14029999999999998,9.817396615691112e-05,5.052035970493333e-05
conservative_and,0.2,close32_open04,0.0,0.0014234640131637112,0.14358888888888888,0.0,0.0
conservative_and,0.2,close32_open05,0.0,0.028510424067463076,0.19621111111111111,0.0,0.0
conservative_and,0.2,close32_open06,0.0,0.05239459692424549,0.1993111111111111,0.0,0.0
conservative_and,0.2,close32_open18,0.0,0.0,0.2018888888888889,0.0,0.0
conservative_and,0.2,close32_open19,0.0,0.0,0.20137777777777777,0.0,0.0
conservative_and,0.2,close33_open08,0.0,0.001452584170599511,0.20226666666666668,0.0,0.0
conservative_and,0.2,close33_open10,0.0,0.0024420333312077554,0.2034111111111111,0.0,0.0
conservative_and,0.2,close33_open13,0.0,0.004864929538291677,0.20252222222222221,0.0,0.0
conservative_and,0.2,close34_open01,0.00022871715540754442,0.10724287724903432,0.04635555555555556,0.0026415590502573334,0.00025321643109964444
conservative_and,0.2,close34_open02,0.00022222222222222223,0.034861686229800765,0.08568888888888888,0.0012653648621333,0.00027151094709804445
conservative_and,0.2,close34_open04,0.00013333333333333334,0.016416553680888967,0.09665555555555555,0.0006342659976505,0.00016954389523136666
conservative_and,0.2,close34_open06,0.0,0.06539049328175732,0.1970888888888889,0.0,0.0
conservative_and,0.2,close34_open07,0.0,0.04630926880659689,0.205,0.0,0.0
conservative_and,0.2,close34_open08,0.0,0.040534445381097996,0.20837777777777777,0.0,0.0
conservative_and,0.2,close34_open09,0.0,0.0348708843321356,0.21133333333333335,0.0,0.0
conservative_and,0.2,close34_open10,0.0,0.030158743172660776,0.21534444444444445,0.0,0.0
conservative_and,0.2,close34_open17,0.0,0.0,0.19702222222222224,0.0,0.0
conservative_and,0.2,close34_open18,0.0,0.0,0.1998888888888889,0.0,0.0
conservative_and,0.2,close34_open19,0.0,0.0,0.20234444444444444,0.0,0.0
conservative_and,0.2,close35_open05,0.0,0.02842756821755861,0.10765555555555556,0.0,0.0
conservative_and,0.2,close35_open06,0.0,0.010909615263315246,0.1302333333333333,0.0,0.0
conservative_and,0.2,close35_open08,0.0,0.0019362208926629444,0.1640222222222222,0.0,0.0
conservative_and,0.2,close35_open09,0.0,0.0007172482236266777,0.1706,0.0,0.0
conservative_and,0.2,close35_open10,0.0,6.526989099926668e-05,0.1739222222222222,0.0,0.0
conservative_and,0.2,close35_open11,0.0,0.0,0.18363333333333334,0.0,0.0
conservative_and,0.2,close35_open12,0.0,0.005886566955301356,0.18704444444444446,0.0,0.0
conservative_and,0.2,close35_open13,0.0,0.0020368091308777332,0.19566666666666668,0.0,0.0
conservative_and,0.2,close35_open14,0.0,0.0009590432422239333,0.19944444444444442,0.0,0.0
conservative_and,0.2,close35_open15,0.0,0.00046083860408581114,0.20356666666666667,0.0,0.0
conservative_and,0.2,close35_open16,0.0,0.0003220300463192222,0.20977777777777779,0.0,0.0
conservative_and,0.2,close35_open24,0.000988888888888889,0.011378651430197544,0.09406666666666667,0.004523019407491222,0.0012682913811001444
conservative_and,0.2,close35_open25,0.0008444444444444444,0.010051241705767544,0.09885555555555554,0.003544711750784155,0.0011108265335335779
conservative_and,0.2,close35_open26,0.0011555555555555555,0.0074956018300902,0.10447777777777778,0.004552349250923878,0.0015504917619996556
conservative_and,0.2,close35_open27,0.0007888888888888889,0.005120663025312411,0.10841111111111111,0.0029210932713929555,0.001082007223950689
conservative_and,0.2,close35_open29,0.0,0.0,0.17186666666666667,0.0,0.0
conservative_and,0.2,close36_open03,0.0,0.002665634784455011,0.14045555555555556,0.0,0.0
conservative_and,0.2,close36_open04,0.0,0.0016631462916774668,0.14443333333333333,0.0,0.0
conservative_and,0.2,close36_open21,0.0,0.0,0.18630000000000002,0.0,0.0
conservative_and,0.2,close36_open22,0.0,0.0,0.1927222222222222,0.0,0.0
conservative_and,0.2,close36_open23,0.0,0.0,0.20007777777777777,0.0,0.0
conservative_and,0.2,close36_open24,0.0,0.04140122508654387,0.20064444444444446,0.0,0.0
conservative_and,0.2,close36_open25,0.0,0.046889373820965106,0.19772222222222224,0.0,0.0
error_ratio,0.05,close32_open01,0.46881111111111107,0.06945536622940063,0.05324444444444445,0.7386795969693496,0.5704843514496102
error_ratio,0.05,close32_open03,0.30972222222222223,0.012987465613838865,0.05324444444444445,0.4852677458432961,0.4642510388638079
error_ratio,0.05,close32_open04,0.29812222222222223,0.010932887755642644,0.05324444444444445,0.4671444053251997,0.4543314539928312
error_ratio,0.05,close32_open05,0.0012000000000000001,0.06369973568593866,0.05324444444444445,0.0017861135203697442,0.004228280097731589
error_ratio,0.05,close32_open06,0.007899999999999999,0.09302266832224929,0.05324444444444445,0.011801433196595523,0.029216118010224685
error_ratio,0.05,close32_open18,0.018888888888888886,0.0,0.05324444444444445,0.029449065312133458,0.05004402181199668
error_ratio,0.05,close32_open19,0.010388888888888888,3.5107461443666665e-05,0.05324444444444445,0.016125289067024887,0.028375760281117865
error_ratio,0.05,close33_open08,0.00022222222222222223,0.012527142571973833,0.05324444444444445,0.0003350353452340222,0.0006767155130734444
error_ratio,0.05,close33_open10,0.0,0.01641895087837669,0.05324444444444445,0.0,0.0
error_ratio,0.05,close33_open13,0.0,0.02004405000717751,0.05324444444444445,0.0,0.0
error_ratio,0.05,close34_open01,0.6008575791677734,0.18097668120746302,0.05324444444444445,0.8836294187712487,0.6651180736398616
error_ratio,0.05,close34_open02,0.46948888888888884,0.07627456998606888,0.05324444444444445,0.7391215873895859,0.572126507690383
error_ratio,0.05,close34_open04,0.4349777777777778,0.05189737014035007,0.05324444444444445,0.6839665009371504,0.5520048299130855
error_ratio,0.05,close34_open06,0.0015444444444444444,0.106027912083629,0.05324444444444445,0.002295042087395078,0.0062104457223415
error_ratio,0.05,close34_open07,0.01071111111111111,0.08270224586330684,0.05324444444444445,0.016062994601978044,0.03764057634791854
error_ratio,0.05,close34_open08,0.013822222222222222,0.07478649510635337,0.05324444444444445,0.02076990017503823,0.04676220888361985
error_ratio,0.05,close34_open09,0.018066666666666665,0.06707401523363726,0.05324444444444445,0.027216164998392675,0.05871634934727152
error_ratio,0.05,close34_open10,0.022333333333333334,0.060587163756077055,0.05324444444444445,0.03370678812923852,0.07013065647117377
error_ratio,0.05,close34_open17,0.07635555555555557,0.00011926866078744445,0.05324444444444445,0.11955052217869462,0.17449342735910708
error_ratio,0.05,close34_open18,0.04558888888888889,0.0,0.05324444444444445,0.07120810674231542,0.11247318232307967
error_ratio,0.05,close34_open19,0.0286,1.8164314387944444e-05,0.05324444444444445,0.0444434204420744,0.07426716727313099
error_ratio,0.05,close35_open05,0.4143555555555556,0.05706003168889959,0.05324444444444445,0.6504183241632538,0.542496397346108
error_ratio,0.05,close35_open06,0.3297222222222222,0.0332317874346121,0.05324444444444445,0.5161440311293395,0.48469839275258647
error_ratio,0.05,close35_open08,0.19187777777777779,0.00996918374016531,0.05324444444444445,0.2993000162276007,0.35128372518831574
error_ratio,0.05,close35_open09,0.16342222222222225,0.006275383888238534,0.05324444444444445,0.2544161603461925,0.31546749123647205
error_ratio,0.05,close35_open10,0.1384,0.0033539732971992445,0.05324444444444445,0.21509711379464877,0.2806018982151266
error_ratio,0.05,close35_open11,0.10592222222222222,0.0017765872145202445,0.05324444444444445,0.16455706267579429,0.22962971030526003
error_ratio,0.05,close35_open12,0.10443333333333332,0.019024546909905144,0.05324444444444445,0.1623451830080773,0.23171832634659292
error_ratio,0.05,close35_open13,0.04111111111111111,0.012626344634421978,0.05324444444444445,0.06329212082855712,0.10712684568846709
error_ratio,0.05,close35_open14,0.021066666666666664,0.010290004780127922,0.05324444444444445,0.032334537798809175,0.058041193734122226
error_ratio,0.05,close35_open15,0.007633333333333333,0.008109854681480533,0.05324444444444445,0.011669251071994133,0.021921741721605232
error_ratio,0.05,close35_open16,0.006644444444444444,0.006686727061943611,0.05324444444444445,0.010138160546181245,0.019155028439829566
error_ratio,0.05,close35_open24,0.42084444444444447,0.02991201526623531,0.05324444444444445,0.6631979464503936,0.5397740704528449
error_ratio,0.05,close35_open25,0.40263333333333334,0.023030933515813055,0.05324444444444445,0.6343645156094024,0.5280859084286978
error_ratio,0.05,close35_open26,0.38556666666666667,0.0170987089777393,0.05324444444444445,0.6071252249298303,0.5167482237922237
error_ratio,0.05,close35_open27,0.36797777777777774,0.012125931339136056,0.05324444444444445,0.5794818812579919,0.5042878877797558
error_ratio,0.05,close35_open29,0.15406666666666669,0.0006648648108449778,0.05324444444444445,0.24106038836692673,0.299394359105891
error_ratio,0.05,close36_open03,0.29152222222222224,0.0111513097203317,0.05324444444444445,0.45723235057357375,0.4484706996626869
error_ratio,0.05,close36_open04,0.2794,0.008340486361178033,0.05324444444444445,0.4382042306659838,0.4373989973498749
error_ratio,0.05,close36_open21,0.20125555555555555,0.0021273666817708,0.05324444444444445,0.31425285586773444,0.3594783147998838
error_ratio,0.05,close36_open22,0.16963333333333333,0.0009448369617833112,0.05324444444444445,0.2649151513273818,0.32077770198896877
error_ratio,0.05,close36_open23,0.057588888888888884,0.0,0.05324444444444445,0.09005302549471286,0.13775227310366764
error_ratio,0.05,close36_open24,0.0006444444444444444,0.07994565546394941,0.05324444444444445,0.0009591013884786889,0.0023837774517330335
error_ratio,0.05,close36_open25,0.0002888888888888889,0.087722568337018,0.05324444444444445,0.00042816043237314447,0.0011014211400430666
error_ratio,0.1,close32_open01,0.4446222222222222,0.0552113465029509,0.10121111111111111,0.7252927598442032,0.541037465828435
error_ratio,0.1,close32_open03,0.2894555555555556,0.007714416242472567,0.10121111111111111,0.4670481160436354,0.4338655001399294
error_ratio,0.1,close32_open04,0.27790000000000004,0.006114670462640333,0.10121111111111111,0.4484938031754897,0.42350837143047915
error_ratio,0.1,close32_open05,0.00022222222222222223,0.045126596262999835,0.10121111111111111,0.0003241345929971,0.0007839964080527778
error_ratio,0.1,close32_open06,0.004422222222222222,0.07391102369769455,0.10121111111111111,0.006504243921006267,0.01636226388884347
error_ratio,0.1,close32_open18,0.010144444444444444,0.0,0.10121111111111111,0.016030885563175456,0.026886181990313077
error_ratio,0.1,close32_open19,0.0036111111111111114,0.0,0.10121111111111111,0.005664826649522434,0.009863049857953067
error_ratio,0.1,close33_open08,4.4444444444444447e-05,0.006314316362551678,0.10121111111111111,6.666746681042223e-05,0.00013513223356148888
error_ratio,0.1,close33_open10,0.0,0.008464617021725067,0.10121111111111111,0.0,0.0
error_ratio,0.1,close33_open13,0.0,0.0118926630890131,0.10121111111111111,0.0,0.0
error_ratio,0.1,close34_open01,0.5729249427746999,0.15414058940107334,0.10121111111111111,0.8751644437121855,0.6341947139211225
error_ratio,0.1,close34_open02,0.4456555555555556,0.06051511724737932,0.10121111111111111,0.7255855020419407,0.5430744148273515
error_ratio,0.1,close34_open04,0.4120111111111111,0.03940905712786405,0.10121111111111111,0.6692228680108232,0.5228516205245008
error_ratio,0.1,close34_open06,0.0005222222222222222,0.08684332993383796,0.10121111111111111,0.0007603876023168666,0.0021028890982570554
error_ratio,0.1,close34_open07,0.006955555555555556,0.06550928997835857,0.10121111111111111,0.010298266047662923,0.024444868486910687
error_ratio,0.1,close34_open08,0.009555555555555555,0.05825445963714446,0.10121111111111111,0.014200491124809042,0.03232891752237538
error_ratio,0.1,close34_open09,0.013233333333333333,0.05131187971251139,0.10121111111111111,0.019753100631171736,0.043010003060428265
error_ratio,0.1,close34_open10,0.01672222222222222,0.045635036219173086,0.10121111111111111,0.025063685109200633,0.052514444014761
error_ratio,0.1,close34_open17,0.06182222222222222,0.0,0.10121111111111111,0.09903894687747451,0.14128162154218082
error_ratio,0.1,close34_open18,0.03326666666666667,0.0,0.10121111111111111,0.05297596078672542,0.0820785442059391
error_ratio,0.1,close34_open19,0.01818888888888889,0.0,0.10121111111111111,0.028723707416400956,0.047240784615861064
error_ratio,0.1,close35_open05,0.3919222222222222,0.04528598096418809,0.10121111111111111,0.6347744481008699,0.5131172831194604
error_ratio,0.1,close35_open06,0.3093,0.025268738727576713,0.10121111111111111,0.4981034544534179,0.45467223118087374
error_ratio,0.1,close35_open08,0.17506666666666668,0.005807331753267333,0.10121111111111111,0.27958152584935825,0.32051059763794104
error_ratio,0.1,close35_open09,0.1477,0.0032773555561634,0.10121111111111111,0.23516156905409946,0.2851181562272163
error_ratio,0.1,close35_open10,0.12343333333333334,0.0011613570507711779,0.10121111111111111,0.19605454678478323,0.2502591279194439
error_ratio,0.1,close35_open11,0.09206666666666667,0.0002470961147824111,0.10121111111111111,0.14598233038122485,0.1995951537936281
error_ratio,0.1,close35_open12,0.08952222222222223,0.013907012303489143,0.10121111111111111,0.1418280112416561,0.19863197150822492
error_ratio,0.1,close35_open13,0.030544444444444444,0.007795031068407599,0.10121111111111111,0.04757391285117959,0.07960125467060716
error_ratio,0.1,close35_open14,0.013311111111111112,0.005531658471580011,0.10121111111111111,0.020578437367423656,0.0366799083130708
error_ratio,0.1,close35_open15,0.0037,0.0035113992241455447,0.10121111111111111,0.005665390455639223,0.010622518079011555
error_ratio,0.1,close35_open16,0.0025222222222222226,0.002416651622853311,0.10121111111111111,0.0038543510830218886,0.007276705579538077
error_ratio,0.1,close35_open24,0.39764444444444447,0.0218358853511725,0.10121111111111111,0.648517660739268,0.5100100987709414
error_ratio,0.1,close35_open25,0.37964444444444445,0.016338217935822266,0.10121111111111111,0.6190023309847296,0.49792480664789474
error_ratio,0.1,close35_open26,0.3632222222222222,0.011271502018696054,0.10121111111111111,0.5913596811487252,0.48679552643486584
error_ratio,0.1,close35_open27,0.3459111111111111,0.007505491248224234,0.10121111111111111,0.5631830146030421,0.4740376093071154
error_ratio,0.1,close35_open29,0.13776666666666668,0.00011492410996348888,0.10121111111111111,0.22109673364220436,0.26772352697375407
error_ratio,0.1,close36_open03,0.27093333333333336,0.006638009191945155,0.10121111111111111,0.4379887055681702,0.4167922133601904
error_ratio,0.1,close36_open04,0.25889999999999996,0.0047682807054607555,0.10121111111111111,0.41865824068514956,0.40530221318866677
error_ratio,0.1,close36_open21,0.18312222222222221,0.00022859745080285553,0.10121111111111111,0.29387005670005506,0.32709338394376913
error_ratio,0.1,close36_open22,0.1519,4.6902117374700006e-05,0.10121111111111111,0.24380820946465864,0.28725139667237526
error_ratio,0.1,close36_open23,0.04457777777777778,0.0,0.10121111111111111,0.07115072263603185,0.10663130675242828
error_ratio,0.1,close36_open24,0.00014444444444444444,0.061727875415886535,0.10121111111111111,0.0002106357731466222,0.0005347535418605556
error_ratio,0.1,close36_open25,7.77777777777778e-05,0.06869118921760968,0.10121111111111111,0.00011297365588604444,0.00029565862872032224
error_ratio,0.2,close32_open01,0.3926888888888889,0.028732896619624464,0.20344444444444443,0.6940014906519099,0.47782703574755037
error_ratio,0.2,close32_open03,0.24697777777777777,0.0011736778433757446,0.20344444444444443,0.42620540095459686,0.37017934550166676
error_ratio,0.2,close32_open04,0.23588888888888887,0.0007469862951811667,0.20344444444444443,0.40706247276696206,0.3594699237422899
error_ratio,0.2,close32_open05,1.1111111111111112e-05,0.020537729901117355,0.20344444444444443,1.5834560511766668e-05,3.890445066915556e-05
error_ratio,0.2,close32_open06,0.0007555555555555555,0.040976443758218156,0.20344444444444443,0.0010790381204645778,0.0027952721902106663
error_ratio,0.2,close32_open18,0.0030555555555555557,0.0,0.20344444444444443,0.004884233292900178,0.008095481822536823
error_ratio,0.2,close32_open19,0.0004333333333333333,0.0,0.20344444444444443,0.0006841448293128777,0.0011805125341044222
error_ratio,0.2,close33_open08,0.0,0.0007937839664885222,0.20344444444444443,0.0,0.0
error_ratio,0.2,close33_open10,0.0,0.0011975473198928888,0.20344444444444443,0.0,0.0
error_ratio,0.2,close33_open13,0.0,0.0028915679167995445,0.20344444444444443,0.0,0.0
error_ratio,0.2,close34_open01,0.5125348119488522,0.10047332824068428,0.20344444444444443,0.8549966511027133,0.5673425380553059
error_ratio,0.2,close34_open02,0.3944888888888889,0.03123971624814159,0.20344444444444443,0.6941549096210448,0.4807139762019331
error_ratio,0.2,close34_open04,0.3631111111111111,0.01771077929339979,0.20344444444444443,0.6355050996005333,0.4607833858195488
error_ratio,0.2,close34_open06,5.555555555555556e-05,0.052932317431075133,0.20344444444444443,7.818099438394445e-05,0.0002219952944978889
error_ratio,0.2,close34_open07,0.0023555555555555556,0.037057187253073,0.20344444444444443,0.003408694700007811,0.008277685553880755
error_ratio,0.2,close34_open08,0.003844444444444444,0.03165989339171747,0.20344444444444443,0.0056052382350284665,0.013006661355771066
error_ratio,0.2,close34_open09,0.006188888888888889,0.026965181070172612,0.20344444444444443,0.009104159961462178,0.020119042393214156
error_ratio,0.2,close34_open10,0.008622222222222222,0.022988649585307278,0.20344444444444443,0.0127821654033615,0.027080916364197856
error_ratio,0.2,close34_open17,0.03882222222222222,0.0,0.20344444444444443,0.06457371111791976,0.08870141375281503
error_ratio,0.2,close34_open18,0.017555555555555557,0.0,0.20344444444444443,0.028674280230164242,0.04331226854877199
error_ratio,0.2,close34_open19,0.0064555555555555555,0.0,0.20344444444444443,0.010385717912107788,0.016771357705204912
error_ratio,0.2,close35_open05,0.3442222222222222,0.023124400987263163,0.20344444444444443,0.5986776955490023,0.45065436265613773
error_ratio,0.2,close35_open06,0.2660666666666667,0.010393931974227187,0.20344444444444443,0.4567676327103811,0.391108979794795
error_ratio,0.2,close35_open08,0.14253333333333332,0.0008583467509627334,0.20344444444444443,0.23918971223949623,0.2609438307167808
error_ratio,0.2,close35_open09,0.11774444444444446,0.0003239132887288,0.20344444444444443,0.19638211344835224,0.2272825688013116
error_ratio,0.2,close35_open10,0.09581111111111112,6.548788474131112e-05,0.20344444444444443,0.15901044972097042,0.19424459036349234
error_ratio,0.2,close35_open11,0.06722222222222222,2.0458683688288888e-05,0.20344444444444443,0.1109288611302482,0.14572092290228877
error_ratio,0.2,close35_open12,0.06244444444444445,0.0050241357347991554,0.20344444444444443,0.10253114843428926,0.13853630688213897
error_ratio,0.2,close35_open13,0.016233333333333336,0.0015879224424633334,0.20344444444444443,0.025697189204387613,0.04231110884662986
error_ratio,0.2,close35_open14,0.0057666666666666665,0.0006284979335922556,0.20344444444444443,0.00897486012749952,0.015894801091096325
error_ratio,0.2,close35_open15,0.0008444444444444444,0.00028980930124243337,0.20344444444444443,0.0012952182019286555,0.0024214662354839554
error_ratio,0.2,close35_open16,0.0004222222222222222,8.517811106511112e-05,0.20344444444444443,0.0006464368789276889,0.001215864332327989
error_ratio,0.2,close35_open24,0.34896666666666665,0.008667525027146277,0.20344444444444443,0.6150283710997704,0.44756140103432823
error_ratio,0.2,close35_open25,0.3320333333333333,0.0058105770965607775,0.20344444444444443,0.5843345584335478,0.4354624484963938
error_ratio,0.2,close35_open26,0.31675555555555557,0.0031648450550276997,0.20344444444444443,0.5558832038976408,0.4245028942147271
error_ratio,0.2,close35_open27,0.3004444444444444,0.0016106913371017112,0.20344444444444443,0.5267669817696254,0.4117069419430084
error_ratio,0.2,close35_open29,0.1068,0.0,0.20344444444444443,0.18033797241581315,0.20754214081722294
error_ratio,0.2,close36_open03,0.22828888888888887,0.0009518751717782444,0.20344444444444443,0.394996950818327,0.3511788149104337
error_ratio,0.2,close36_open04,0.2171,0.00046202099200684445,0.20344444444444443,0.37548890532410756,0.33985119099369565
error_ratio,0.2,close36_open21,0.1453111111111111,0.0,0.20344444444444443,0.24819534298413698,0.25954834636097823
error_ratio,0.2,close36_open22,0.11578888888888889,0.0,0.20344444444444443,0.19726231837407993,0.21896463803937558
error_ratio,0.2,close36_open23,0.025177777777777778,0.0,0.20344444444444443,0.04146463295186089,0.0602250709400132
error_ratio,0.2,close36_open24,1.1111111111111112e-05,0.03273098026863297,0.20344444444444443,1.5726979633555555e-05,4.101554489151111e-05
error_ratio,0.2,close36_open25,1.1111111111111112e-05,0.03685329127677142,0.20344444444444443,1.5625244144433332e-05,4.2103490379344444e-05
nn_approval_signed_physics,0.05,close32_open01,0.0023444444444444446,0.08907963896424026,0.5044777777777778,0.014230175567155556,0.0028536273389346443
nn_approval_signed_physics,0.05,close32_open03,0.0015777777777777778,0.02225718115401649,0.3558777777777778,0.004814715060985578,0.002367302001701522
nn_approval_signed_physics,0.05,close32_open04,0.0016888888888888889,0.019322173592590912,0.3454555555555555,0.004992685498734322,0.0025718653393413
nn_approval_signed_physics,0.05,close32_open05,0.0,0.08763274877603495,0.039822222222222224,0.0,0.0
nn_approval_signed_physics,0.05,close32_open06,0.0,0.11588935795904767,0.04857777777777778,0.0,0.0
nn_approval_signed_physics,0.05,close32_open18,0.00022222222222222223,0.0006236939028357445,0.08473333333333333,0.00035735674082963334,0.0005879211481042332
nn_approval_signed_physics,0.05,close32_open19,0.00036666666666666667,0.002315717890051789,0.07291111111111111,0.0005810831280665444,0.0009967353250004112
nn_approval_signed_physics,0.05,close33_open08,0.0,0.025061981637635275,0.04303333333333333,0.0,0.0
nn_approval_signed_physics,0.05,close33_open10,0.0,0.03045244343890348,0.04102222222222222,0.0,0.0
nn_approval_signed_physics,0.05,close33_open13,0.0,0.03425052705960327,0.04102222222222222,0.0,0.0
nn_approval_signed_physics,0.05,close34_open01,0.003058437528324178,0.21214122543261477,0.5882444444444445,0.038681819322004894,0.0033852760619358557
nn_approval_signed_physics,0.05,close34_open02,0.003377777777777778,0.09792441121162022,0.5031222222222222,0.02048825837778101,0.0041139543379105775
nn_approval_signed_physics,0.05,close34_open04,0.0025444444444444447,0.06952359441265396,0.47068888888888893,0.012696085484510143,0.0032313525853758887
nn_approval_signed_physics,0.05,close34_open06,0.0,0.12999663171486212,0.038599999999999995,0.0,0.0
nn_approval_signed_physics,0.05,close34_open07,0.0,0.10393081052884146,0.0531,0.0,0.0
nn_approval_signed_physics,0.05,close34_open08,0.0,0.09538385415231512,0.05840000000000001,0.0,0.0
nn_approval_signed_physics,0.05,close34_open09,0.0,0.08709713090709176,0.06441111111111111,0.0,0.0
nn_approval_signed_physics,0.05,close34_open10,0.0,0.08001671016093524,0.07002222222222222,0.0,0.0
nn_approval_signed_physics,0.05,close34_open17,0.0002666666666666667,0.0010481788483790889,0.14164444444444443,0.0004759352463221555,0.0006070524770080445
nn_approval_signed_physics,0.05,close34_open18,0.00011111111111111112,0.000615494357861289,0.11093333333333333,0.00018654702816974444,0.00027496609354206664
nn_approval_signed_physics,0.05,close34_open19,0.00013333333333333334,0.0021693805235801335,0.09198888888888888,0.00021757307550586668,0.0003455061959471667
nn_approval_signed_physics,0.05,close35_open05,0.0008111111111111111,0.07358692727201938,0.4547333333333333,0.003701926187325411,0.0010612583067952223
nn_approval_signed_physics,0.05,close35_open06,0.0003222222222222222,0.0452109486620028,0.3754333333333333,0.0010523851446037444,0.00047407773209013336
nn_approval_signed_physics,0.05,close35_open08,6.666666666666667e-05,0.01717386414876351,0.2459111111111111,0.0001479360200506,0.00012292976950215555
nn_approval_signed_physics,0.05,close35_open09,0.00013333333333333334,0.013590643416388421,0.21815555555555555,0.00028034447214772226,0.00025739846693126665
nn_approval_signed_physics,0.05,close35_open10,7.777777777777778e-05,0.010639737752251932,0.19454444444444446,0.0001560374020988222,0.00015688434630266668
nn_approval_signed_physics,0.05,close35_open11,0.00012222222222222224,0.007995809019027744,0.1660222222222222,0.00022783117560741108,0.00026587037480067777
nn_approval_signed_physics,0.05,close35_open12,0.0001333333333333333,0.02627012063215299,0.16104444444444443,0.0002508924019185222,0.00029397307587477776
nn_approval_signed_physics,0.05,close35_open13,0.00012222222222222224,0.022526866645007367,0.09422222222222222,0.00020263192104054444,0.0003188183202763
nn_approval_signed_physics,0.05,close35_open14,6.666666666666667e-05,0.020157724196000246,0.07313333333333333,0.00010675518193815556,0.00018378509214282224
nn_approval_signed_physics,0.05,close35_open15,0.00015555555555555556,0.01792478429893219,0.058255555555555553,0.00024387708118724446,0.0004423228639618556
nn_approval_signed_physics,0.05,close35_open16,9.999999999999999e-05,0.017797198247330923,0.0586,0.00015646513866646666,0.00028652872964246665
nn_approval_signed_physics,0.05,close35_open24,0.0044,0.04272672310875301,0.4590111111111111,0.020390132289954423,0.005646902833468966
nn_approval_signed_physics,0.05,close35_open25,0.0044,0.03440751767364009,0.4419777777777778,0.01879417808643151,0.005774838994236233
nn_approval_signed_physics,0.05,close35_open26,0.0048222222222222225,0.027608578296434642,0.4259777777777778,0.019111752392855966,0.006469213069616077
nn_approval_signed_physics,0.05,close35_open27,0.004322222222222222,0.02175513182024839,0.41092222222222224,0.016102044246926947,0.005921914612659588
nn_approval_signed_physics,0.05,close35_open29,5.555555555555556e-05,0.0032083343631936667,0.2174888888888889,0.00011514239937147779,0.00010770309714914445
nn_approval_signed_physics,0.05,close36_open03,0.0002888888888888889,0.018787567647218013,0.3430111111111111,0.0008319123823480555,0.0004464329236228334
nn_approval_signed_physics,0.05,close36_open04,0.0002444444444444445,0.015438779064330867,0.33261111111111114,0.0006816936277945,0.00038403329098407775
nn_approval_signed_physics,0.05,close36_open21,0.0014444444444444444,0.008926851129439445,0.25562222222222225,0.0032964923657208666,0.0025817349850589554
nn_approval_signed_physics,0.05,close36_open22,0.0013555555555555554,0.006635281968939566,0.22593333333333332,0.0028930047327992334,0.0025592967617690224
nn_approval_signed_physics,0.05,close36_open23,0.0005666666666666667,0.0008966531747853224,0.12228888888888889,0.0009740153018122334,0.0013546729957278
nn_approval_signed_physics,0.05,close36_open24,0.0,0.10316708876678533,0.038500000000000006,0.0,0.0
nn_approval_signed_physics,0.05,close36_open25,0.0,0.11186607353681244,0.03674444444444444,0.0,0.0
nn_approval_signed_physics,0.1,close32_open01,0.0002666666666666666,0.08907963896424026,0.5224,0.001661587045106322,0.00032376411277056663
nn_approval_signed_physics,0.1,close32_open03,3.3333333333333335e-05,0.02225718115401649,0.38605555555555554,9.994004995124444e-05,5.052035970493333e-05
nn_approval_signed_physics,0.1,close32_open04,0.0,0.019322173592590912,0.3760222222222222,0.0,0.0
nn_approval_signed_physics,0.1,close32_open05,0.0,0.08763274877603495,0.06942222222222222,0.0,0.0
nn_approval_signed_physics,0.1,close32_open06,0.0,0.11588935795904767,0.07837777777777778,0.0,0.0
nn_approval_signed_physics,0.1,close32_open18,0.0,0.0006236939028357445,0.13306666666666667,0.0,0.0
nn_approval_signed_physics,0.1,close32_open19,0.0,0.002315717890051789,0.12056666666666666,0.0,0.0
nn_approval_signed_physics,0.1,close33_open08,0.0,0.025061981637635275,0.08601111111111111,0.0,0.0
nn_approval_signed_physics,0.1,close33_open10,0.0,0.03045244343890348,0.08345555555555556,0.0,0.0
nn_approval_signed_physics,0.1,close33_open13,0.0,0.03425052705960327,0.08272222222222222,0.0,0.0
nn_approval_signed_physics,0.1,close34_open01,0.00045770200468987776,0.21214122543261477,0.5954555555555555,0.0059940050021759115,0.0005067066091445223
nn_approval_signed_physics,0.1,close34_open02,0.0007888888888888889,0.09792441121162022,0.5198222222222222,0.004858934349222566,0.0009610552525461334
nn_approval_signed_physics,0.1,close34_open04,0.00035555555555555557,0.06952359441265396,0.48931111111111114,0.0017852671318091444,0.0004519500202452666
nn_approval_signed_physics,0.1,close34_open06,0.0,0.12999663171486212,0.06746666666666666,0.0,0.0
nn_approval_signed_physics,0.1,close34_open07,0.0,0.10393081052884146,0.08497777777777776,0.0,0.0
nn_approval_signed_physics,0.1,close34_open08,0.0,0.09538385415231512,0.09225555555555556,0.0,0.0
nn_approval_signed_physics,0.1,close34_open09,0.0,0.08709713090709176,0.09933333333333333,0.0,0.0
nn_approval_signed_physics,0.1,close34_open10,0.0,0.08001671016093524,0.10676666666666666,0.0,0.0
nn_approval_signed_physics,0.1,close34_open17,0.0,0.0010481788483790889,0.1884111111111111,0.0,0.0
nn_approval_signed_physics,0.1,close34_open18,0.0,0.000615494357861289,0.15837777777777778,0.0,0.0
nn_approval_signed_physics,0.1,close34_open19,0.0,0.0021693805235801335,0.13915555555555556,0.0,0.0
nn_approval_signed_physics,0.1,close35_open05,0.0,0.07358692727201938,0.47456666666666664,0.0,0.0
nn_approval_signed_physics,0.1,close35_open06,0.0,0.0452109486620028,0.4014333333333333,0.0,0.0
nn_approval_signed_physics,0.1,close35_open08,0.0,0.01717386414876351,0.2815333333333333,0.0,0.0
nn_approval_signed_physics,0.1,close35_open09,0.0,0.013590643416388421,0.25626666666666664,0.0,0.0
nn_approval_signed_physics,0.1,close35_open10,0.0,0.010639737752251932,0.23334444444444444,0.0,0.0
nn_approval_signed_physics,0.1,close35_open11,0.0,0.007995809019027744,0.20807777777777778,0.0,0.0
nn_approval_signed_physics,0.1,close35_open12,0.0,0.02627012063215299,0.20256666666666667,0.0,0.0
nn_approval_signed_physics,0.1,close35_open13,0.0,0.022526866645007367,0.13623333333333332,0.0,0.0
nn_approval_signed_physics,0.1,close35_open14,0.0,0.020157724196000246,0.1187,0.0,0.0
nn_approval_signed_physics,0.1,close35_open15,0.0,0.01792478429893219,0.10453333333333333,0.0,0.0
nn_approval_signed_physics,0.1,close35_open16,0.0,0.017797198247330923,0.10573333333333333,0.0,0.0
nn_approval_signed_physics,0.1,close35_open24,0.0015333333333333334,0.04272672310875301,0.47815555555555556,0.007204839332930455,0.001967804273211167
nn_approval_signed_physics,0.1,close35_open25,0.0017,0.03440751767364009,0.4630666666666667,0.007348398518907378,0.0022310399712280223
nn_approval_signed_physics,0.1,close35_open26,0.0017333333333333333,0.027608578296434642,0.4473333333333333,0.0069348208796612,0.002327357616470367
nn_approval_signed_physics,0.1,close35_open27,0.0014444444444444444,0.02175513182024839,0.43377777777777776,0.005448899137555355,0.001978238264777278
nn_approval_signed_physics,0.1,close35_open29,0.0,0.0032083343631936667,0.2558666666666667,0.0,0.0
nn_approval_signed_physics,0.1,close36_open03,0.0,0.018787567647218013,0.37246666666666667,0.0,0.0
nn_approval_signed_physics,0.1,close36_open04,0.0,0.015438779064330867,0.36284444444444447,0.0,0.0
nn_approval_signed_physics,0.1,close36_open21,0.0,0.008926851129439445,0.2976111111111111,0.0,0.0
nn_approval_signed_physics,0.1,close36_open22,0.0,0.006635281968939566,0.27026666666666666,0.0,0.0
nn_approval_signed_physics,0.1,close36_open23,0.0,0.0008966531747853224,0.16794444444444445,0.0,0.0
nn_approval_signed_physics,0.1,close36_open24,0.0,0.10316708876678533,0.06958888888888888,0.0,0.0
nn_approval_signed_physics,0.1,close36_open25,0.0,0.11186607353681244,0.06558888888888889,0.0,0.0
nn_approval_signed_physics,0.2,close32_open01,0.0,0.08907963896424026,0.5554222222222223,0.0,0.0
nn_approval_signed_physics,0.2,close32_open03,0.0,0.02225718115401649,0.4459444444444444,0.0,0.0
nn_approval_signed_physics,0.2,close32_open04,0.0,0.019322173592590912,0.43766666666666665,0.0,0.0
nn_approval_signed_physics,0.2,close32_open05,0.0,0.08763274877603495,0.1473888888888889,0.0,0.0
nn_approval_signed_physics,0.2,close32_open06,0.0,0.11588935795904767,0.1517,0.0,0.0
nn_approval_signed_physics,0.2,close32_open18,0.0,0.0006236939028357445,0.23065555555555553,0.0,0.0
nn_approval_signed_physics,0.2,close32_open19,0.0,0.002315717890051789,0.22038888888888888,0.0,0.0
nn_approval_signed_physics,0.2,close33_open08,0.0,0.025061981637635275,0.1857888888888889,0.0,0.0
nn_approval_signed_physics,0.2,close33_open10,0.0,0.03045244343890348,0.18112222222222224,0.0,0.0
nn_approval_signed_physics,0.2,close33_open13,0.0,0.03425052705960327,0.17872222222222223,0.0,0.0
nn_approval_signed_physics,0.2,close34_open01,3.6239762267133335e-05,0.21214122543261477,0.6075555555555555,0.0004892370246924666,4.009301579663334e-05
nn_approval_signed_physics,0.2,close34_open02,3.3333333333333335e-05,0.09792441121162022,0.5500666666666666,0.00019920320305736667,4.0859687831966666e-05
nn_approval_signed_physics,0.2,close34_open04,0.0,0.06952359441265396,0.5251888888888889,0.0,0.0
nn_approval_signed_physics,0.2,close34_open06,0.0,0.12999663171486212,0.13865555555555556,0.0,0.0
nn_approval_signed_physics,0.2,close34_open07,0.0,0.10393081052884146,0.16635555555555556,0.0,0.0
nn_approval_signed_physics,0.2,close34_open08,0.0,0.09538385415231512,0.17572222222222222,0.0,0.0
nn_approval_signed_physics,0.2,close34_open09,0.0,0.08709713090709176,0.18610000000000002,0.0,0.0
nn_approval_signed_physics,0.2,close34_open10,0.0,0.08001671016093524,0.19577777777777777,0.0,0.0
nn_approval_signed_physics,0.2,close34_open17,0.0,0.0010481788483790889,0.2771666666666667,0.0,0.0
nn_approval_signed_physics,0.2,close34_open18,0.0,0.000615494357861289,0.2521111111111111,0.0,0.0
nn_approval_signed_physics,0.2,close34_open19,0.0,0.0021693805235801335,0.2363777777777778,0.0,0.0
nn_approval_signed_physics,0.2,close35_open05,0.0,0.07358692727201938,0.5139555555555556,0.0,0.0
nn_approval_signed_physics,0.2,close35_open06,0.0,0.0452109486620028,0.45163333333333333,0.0,0.0
nn_approval_signed_physics,0.2,close35_open08,0.0,0.01717386414876351,0.3525222222222222,0.0,0.0
nn_approval_signed_physics,0.2,close35_open09,0.0,0.013590643416388421,0.3317,0.0,0.0
nn_approval_signed_physics,0.2,close35_open10,0.0,0.010639737752251932,0.31270000000000003,0.0,0.0
nn_approval_signed_physics,0.2,close35_open11,0.0,0.007995809019027744,0.2914111111111111,0.0,0.0
nn_approval_signed_physics,0.2,close35_open12,0.0,0.02627012063215299,0.28542222222222224,0.0,0.0
nn_approval_signed_physics,0.2,close35_open13,0.0,0.022526866645007367,0.22815555555555556,0.0,0.0
nn_approval_signed_physics,0.2,close35_open14,0.0,0.020157724196000246,0.21344444444444444,0.0,0.0
nn_approval_signed_physics,0.2,close35_open15,0.0,0.01792478429893219,0.20376666666666668,0.0,0.0
nn_approval_signed_physics,0.2,close35_open16,0.0,0.017797198247330923,0.2068888888888889,0.0,0.0
nn_approval_signed_physics,0.2,close35_open24,9.999999999999999e-05,0.04272672310875301,0.5141888888888889,0.00048209266274714443,0.000127659581864
nn_approval_signed_physics,0.2,close35_open25,0.0001,0.03440751767364009,0.5021222222222222,0.0004263321994515889,0.00013196825472276666
nn_approval_signed_physics,0.2,close35_open26,0.00013333333333333334,0.027608578296434642,0.48951111111111106,0.0005352239650115889,0.000179206127155
nn_approval_signed_physics,0.2,close35_open27,0.0001,0.02175513182024839,0.47868888888888894,0.00037903145584934443,0.00013702445001396665
nn_approval_signed_physics,0.2,close35_open29,0.0,0.0032083343631936667,0.33274444444444445,0.0,0.0
nn_approval_signed_physics,0.2,close36_open03,0.0,0.018787567647218013,0.4316888888888889,0.0,0.0
nn_approval_signed_physics,0.2,close36_open04,0.0,0.015438779064330867,0.4230555555555556,0.0,0.0
nn_approval_signed_physics,0.2,close36_open21,0.0,0.008926851129439445,0.37633333333333335,0.0,0.0
nn_approval_signed_physics,0.2,close36_open22,0.0,0.006635281968939566,0.3529,0.0,0.0
nn_approval_signed_physics,0.2,close36_open23,0.0,0.0008966531747853224,0.2594666666666667,0.0,0.0
nn_approval_signed_physics,0.2,close36_open24,0.0,0.10316708876678533,0.14785555555555555,0.0,0.0
nn_approval_signed_physics,0.2,close36_open25,0.0,0.11186607353681244,0.14052222222222222,0.0,0.0
nn_margin,0.05,close32_open01,0.46794444444444444,0.07360628064626164,0.05221111111111111,0.7391711672998594,0.5694263322395378
nn_margin,0.05,close32_open03,0.30970000000000003,0.015096968590442898,0.05221111111111111,0.48577898531660707,0.4642150416892545
nn_margin,0.05,close32_open04,0.29827777777777775,0.012876321687353556,0.05221111111111111,0.46775971212063383,0.45456738910826694
nn_margin,0.05,close32_open05,0.0015999999999999999,0.06697236252227119,0.05221111111111111,0.0023883050873234665,0.005638705847378033
nn_margin,0.05,close32_open06,0.008766666666666666,0.09591524314646356,0.05221111111111111,0.013119459863147212,0.032422986796233996
nn_margin,0.05,close32_open18,0.019455555555555556,0.0,0.05221111111111111,0.03030444930618022,0.051547062681993196
nn_margin,0.05,close32_open19,0.011066666666666666,0.0002460288286395,0.05221111111111111,0.017160574885509178,0.030232481611450257
nn_margin,0.05,close33_open08,0.00025555555555555553,0.013962298673783189,0.05221111111111111,0.0003858240528799222,0.0007780236679315222
nn_margin,0.05,close33_open10,0.0,0.018138449917763665,0.05221111111111111,0.0,0.0
nn_margin,0.05,close33_open13,0.0,0.021821910274141935,0.05221111111111111,0.0,0.0
nn_margin,0.05,close34_open01,0.5989189313955251,0.18637332085211206,0.05221111111111111,0.8839694717733796,0.6629710355629642
nn_margin,0.05,close34_open02,0.46822222222222226,0.08183498298738591,0.05221111111111111,0.7397504359032128,0.5705798028562767
nn_margin,0.05,close34_open04,0.4339111111111111,0.05589820321500816,0.05221111111111111,0.6843414471003177,0.5506492143595516
nn_margin,0.05,close34_open06,0.001988888888888889,0.1092077172630719,0.05221111111111111,0.0029640736130221333,0.008000247791841233
nn_margin,0.05,close34_open07,0.011622222222222221,0.08473682458282716,0.05221111111111111,0.017441572538624356,0.040841869199586725
nn_margin,0.05,close34_open08,0.014811111111111112,0.07639555340196193,0.05221111111111111,0.02225915101159677,0.05010631799953589
nn_margin,0.05,close34_open09,0.019277777777777776,0.06843818205356092,0.05221111111111111,0.029027133791334,0.06265322464974243
nn_margin,0.05,close34_open10,0.0238,0.06181011912150731,0.05221111111111111,0.03588452694588569,0.07474392941326834
nn_margin,0.05,close34_open17,0.07744444444444444,0.0001182872013248,0.05221111111111111,0.1210467993378005,0.17698028677107608
nn_margin,0.05,close34_open18,0.04641111111111111,0.0,0.05221111111111111,0.07239772731070737,0.11450470890096685
nn_margin,0.05,close34_open19,0.02938888888888889,0.00018108763329385553,0.05221111111111111,0.04561902772320508,0.07631843795943705
nn_margin,0.05,close35_open05,0.4135666666666667,0.0611711566962897,0.05221111111111111,0.6509696502985478,0.5414599514886973
nn_margin,0.05,close35_open06,0.3295,0.03612472878802152,0.05221111111111111,0.516718708279999,0.4843691192001306
nn_margin,0.05,close35_open08,0.19194444444444445,0.011458903166968756,0.05221111111111111,0.29968772689443063,0.35140549884502703
nn_margin,0.05,close35_open09,0.16340000000000002,0.008004566065504844,0.05221111111111111,0.25472104095822373,0.3154229773070099
nn_margin,0.05,close35_open10,0.13833333333333334,0.004908623949021878,0.05221111111111111,0.21527913522681347,0.2804631294831657
nn_margin,0.05,close35_open11,0.10600000000000001,0.0029716309612170225,0.05221111111111111,0.16482200637252228,0.22979505946067713
nn_margin,0.05,close35_open12,0.10546666666666667,0.020784685388475367,0.05221111111111111,0.16393497218972708,0.23400830473779088
nn_margin,0.05,close35_open13,0.041322222222222225,0.015148770883244523,0.05221111111111111,0.0637490374347621,0.10767252881380812
nn_margin,0.05,close35_open14,0.021144444444444445,0.012588059093518345,0.05221111111111111,0.03252304183205915,0.05825170477228127
nn_margin,0.05,close35_open15,0.008022222222222222,0.009674739146601422,0.05221111111111111,0.012274534061213167,0.02304084028252831
nn_margin,0.05,close35_open16,0.007855555555555555,0.007959176919064089,0.05221111111111111,0.011977782486921123,0.022648773363635723
nn_margin,0.05,close35_open24,0.4199,0.032806924458966054,0.05221111111111111,0.6633569079507627,0.5385614151575727
nn_margin,0.05,close35_open25,0.40184444444444445,0.025668100376905742,0.05221111111111111,0.6345293594761422,0.5270487359872656
nn_margin,0.05,close35_open26,0.3848777777777778,0.019473044781793902,0.05221111111111111,0.6072691679017451,0.5158229283220028
nn_margin,0.05,close35_open27,0.3673666666666667,0.014363328661216078,0.05221111111111111,0.5796206505892815,0.5034469640527628
nn_margin,0.05,close35_open29,0.15415555555555555,0.0011224122622255778,0.05221111111111111,0.24124773312719958,0.29956544302361254
nn_margin,0.05,close36_open03,0.2916666666666667,0.013030397012903289,0.05221111111111111,0.4578236451233374,0.4486920182271651
nn_margin,0.05,close36_open04,0.2796,0.0100377247104947,0.05221111111111111,0.43879922085060813,0.4377115434338078
nn_margin,0.05,close36_open21,0.20234444444444444,0.0033870175790377,0.05221111111111111,0.31568920410414564,0.3614234727933728
nn_margin,0.05,close36_open22,0.17103333333333332,0.0019334641738249002,0.05221111111111111,0.26671164818545207,0.3234273117594555
nn_margin,0.05,close36_open23,0.05896666666666666,1.922670204378889e-05,0.05221111111111111,0.09200877161091515,0.14105072224702903
nn_margin,0.05,close36_open24,0.001011111111111111,0.08262643351493747,0.05221111111111111,0.0015083953080301444,0.003744271995372167
nn_margin,0.05,close36_open25,0.0005333333333333334,0.09085295640549818,0.05221111111111111,0.000794067672807689,0.002037135397900611
nn_margin,0.1,close32_open01,0.4427111111111111,0.061305871798312234,0.10222222222222223,0.7257310057515317,0.5387134556710185
nn_margin,0.1,close32_open03,0.2895111111111111,0.010075637079298854,0.10222222222222223,0.46769777046548683,0.4339491990545825
nn_margin,0.1,close32_open04,0.2781666666666667,0.008369060663521345,0.10222222222222223,0.44930091306641706,0.42391353250698693
nn_margin,0.1,close32_open05,0.0006222222222222223,0.04776301259130307,0.10222222222222223,0.000910574014985811,0.002198874430637944
nn_margin,0.1,close32_open06,0.0057666666666666665,0.07646776482606536,0.10222222222222223,0.008488496794487911,0.0213276114544081
nn_margin,0.1,close32_open18,0.00981111111111111,0.0,0.10222222222222223,0.015511888213788846,0.02600154562656907
nn_margin,0.1,close32_open19,0.0034555555555555555,5.2555814319144445e-05,0.10222222222222223,0.005421898044393811,0.009439505394732511
nn_margin,0.1,close33_open08,6.666666666666667e-05,0.007865776824164523,0.10222222222222223,9.991969891852222e-05,0.00020357880415353334
nn_margin,0.1,close33_open10,0.0,0.010036466531522455,0.10222222222222223,0.0,0.0
nn_margin,0.1,close33_open13,0.0,0.013540923767547244,0.10222222222222223,0.0,0.0
nn_margin,0.1,close34_open01,0.5683979100732124,0.1628386148474444,0.10222222222222223,0.875429508804402,0.6291848779846527
nn_margin,0.1,close34_open02,0.44291111111111114,0.0674456365165152,0.10222222222222223,0.7258366398520198,0.5397322564630116
nn_margin,0.1,close34_open04,0.40961111111111115,0.044734486439761446,0.10222222222222223,0.6691652504513939,0.5198044665148546
nn_margin,0.1,close34_open06,0.0010333333333333332,0.08974044783082816,0.10222222222222223,0.0015086918242369334,0.004158727805527378
nn_margin,0.1,close34_open07,0.008388888888888888,0.06673650305780525,0.10222222222222223,0.0124106436739016,0.029481241651026405
nn_margin,0.1,close34_open08,0.010944444444444444,0.05932738439568573,0.10222222222222223,0.01624961756250121,0.03702740059346282
nn_margin,0.1,close34_open09,0.014755555555555556,0.05224265544457582,0.10222222222222223,0.02199630808197057,0.047952136572157245
nn_margin,0.1,close34_open10,0.018522222222222225,0.0463362521456461,0.10222222222222223,0.0277079345312557,0.058157648440892634
nn_margin,0.1,close34_open17,0.06303333333333333,0.0,0.10222222222222223,0.100785312606214,0.14405036529493886
nn_margin,0.1,close34_open18,0.03412222222222223,0.0,0.10222222222222223,0.05426922021607232,0.08418674001209785
nn_margin,0.1,close34_open19,0.019355555555555556,1.8164314387944444e-05,0.10222222222222223,0.03051331048665309,0.05026476292887783
nn_margin,0.1,close35_open05,0.3902333333333334,0.05053696358601536,0.10222222222222223,0.6350580401163448,0.5109053114580745
nn_margin,0.1,close35_open06,0.3087888888888889,0.028595338690914344,0.10222222222222223,0.49855166609026674,0.45391993494993915
nn_margin,0.1,close35_open08,0.17425555555555555,0.007564362778928589,0.10222222222222223,0.27900571894767867,0.31902175272501365
nn_margin,0.1,close35_open09,0.14665555555555557,0.004496280569766933,0.10222222222222223,0.23411013918663728,0.2831010522153409
nn_margin,0.1,close35_open10,0.12274444444444445,0.002208736128248333,0.10222222222222223,0.1953413664495616,0.24885703028570416
nn_margin,0.1,close35_open11,0.09175555555555555,0.0007204302420174223,0.10222222222222223,0.1456238497454058,0.19891213593086374
nn_margin,0.1,close35_open12,0.09026666666666666,0.016228707711703157,0.10222222222222223,0.1431294944120187,0.2002802038051217
nn_margin,0.1,close35_open13,0.030199999999999998,0.00988395325940019,0.10222222222222223,0.047160872021181605,0.07869940585474483
nn_margin,0.1,close35_open14,0.012422222222222222,0.007358265554155601,0.10222222222222223,0.01926820747559462,0.03422072733368273
nn_margin,0.1,close35_open15,0.0032555555555555554,0.0048046337482762,0.10222222222222223,0.0049969670211924885,0.0093350666979728
nn_margin,0.1,close35_open16,0.0041444444444444445,0.003350982893129378,0.10222222222222223,0.006326489034950266,0.011949597657395498
nn_margin,0.1,close35_open24,0.39534444444444444,0.025396331269507556,0.10222222222222223,0.6480311734688189,0.507057839379803
nn_margin,0.1,close35_open25,0.37748888888888893,0.019548205920328802,0.10222222222222223,0.618432565882644,0.49509410289708344
nn_margin,0.1,close35_open26,0.3613222222222222,0.013885066324263968,0.10222222222222223,0.5907321859978892,0.48424313449127854
nn_margin,0.1,close35_open27,0.34402222222222223,0.009805073954188177,0.10222222222222223,0.562408636982589,0.4714454211085353
nn_margin,0.1,close35_open29,0.1371111111111111,0.00013794517770926668,0.10222222222222223,0.22028864642913543,0.2664413327833388
nn_margin,0.1,close36_open03,0.2712444444444444,0.008695484970463721,0.10222222222222223,0.43879050421989824,0.4172713861147079
nn_margin,0.1,close36_open04,0.25937777777777776,0.006359925573543134,0.10222222222222223,0.41950311476802976,0.40604936076014897
nn_margin,0.1,close36_open21,0.18525555555555556,0.0009327911866516111,0.10222222222222223,0.29642947826146326,0.3308979610075359
nn_margin,0.1,close36_open22,0.15463333333333332,0.00047020915958464446,0.10222222222222223,0.2471934335236008,0.29241407160694444
nn_margin,0.1,close36_open23,0.04541111111111111,0.0,0.10222222222222223,0.07238328918360576,0.1086288859949102
nn_margin,0.1,close36_open24,0.00046666666666666666,0.06367741497555102,0.10222222222222223,0.0006814492265817111,0.0017307149889112335
nn_margin,0.1,close36_open25,0.00019999999999999998,0.07137089816015314,0.10222222222222223,0.00029128003950923333,0.0007637545298062333
nn_margin,0.2,close32_open01,0.3867888888888889,0.04163760541010248,0.2049,0.6936546242731167,0.47065709522479726
nn_margin,0.2,close32_open03,0.24387777777777778,0.004047337549232278,0.2049,0.42385540249997455,0.365549287982901
nn_margin,0.2,close32_open04,0.23291111111111112,0.002949991866084311,0.2049,0.4045622336169388,0.35494953731503376
nn_margin,0.2,close32_open05,8.888888888888889e-05,0.020597828907339355,0.2049,0.00012633937419315557,0.00031641543915744447
nn_margin,0.2,close32_open06,0.0018333333333333335,0.04272450174857669,0.2049,0.0026194955640310444,0.006771609556202767
nn_margin,0.2,close32_open18,0.000711111111111111,0.0,0.2049,0.0011423651657991223,0.0018801951706088889
nn_margin,0.2,close32_open19,6.666666666666667e-05,0.0,0.2049,0.00010551082575092221,0.00018104549383504446
nn_margin,0.2,close33_open08,0.0,0.0024142737373586,0.2049,0.0,0.0
nn_margin,0.2,close33_open10,0.0,0.0022140491850706667,0.2049,0.0,0.0
nn_margin,0.2,close33_open13,0.0,0.004933725534432255,0.2049,0.0,0.0
nn_margin,0.2,close34_open01,0.5014802309574313,0.12359598871751322,0.2049,0.8555405937567419,0.5551087404159483
nn_margin,0.2,close34_open02,0.38665555555555553,0.045036839080476315,0.2049,0.69295997897432,0.47117521416659236
nn_margin,0.2,close34_open04,0.3557,0.02793976874670101,0.2049,0.6331729943757962,0.4513878549049583
nn_margin,0.2,close34_open06,0.0002444444444444445,0.05597379336796923,0.2049,0.00034432238314312225,0.0009872057663261001
nn_margin,0.2,close34_open07,0.003777777777777778,0.037724781266554354,0.2049,0.005458301868042633,0.013275442940084823
nn_margin,0.2,close34_open08,0.005244444444444444,0.03169073837211986,0.2049,0.007631315751668778,0.017737405244577436
nn_margin,0.2,close34_open09,0.007722222222222223,0.026466371514014167,0.2049,0.011329385189264967,0.025091757904062935
nn_margin,0.2,close34_open10,0.010266666666666667,0.022350818350549022,0.2049,0.015175109478516679,0.032236288355514335
nn_margin,0.2,close34_open17,0.03462222222222222,0.0,0.2049,0.05798823545060388,0.07913855353623772
nn_margin,0.2,close34_open18,0.014155555555555557,0.0,0.2049,0.02324215624185381,0.03494508840570091
nn_margin,0.2,close34_open19,0.004744444444444444,0.0,0.2049,0.007653820869473689,0.012326383056294155
nn_margin,0.2,close35_open05,0.33853333333333335,0.03371292789762398,0.2049,0.5973172464285841,0.4432184267391785
nn_margin,0.2,close35_open06,0.26184444444444444,0.017104893532897344,0.2049,0.4545091753848632,0.38491200526367314
nn_margin,0.2,close35_open08,0.13572222222222222,0.003112857669935744,0.2049,0.23079993145553013,0.24848405862978776
nn_margin,0.2,close35_open09,0.11067777777777778,0.001409114511969089,0.2049,0.18696703149173524,0.21365261405958233
nn_margin,0.2,close35_open10,0.08935555555555556,0.0003949070703264333,0.2049,0.14995243970276237,0.18116569521176332
nn_margin,0.2,close35_open11,0.061755555555555564,6.137605106486667e-05,0.2049,0.10284969748226896,0.13388330143432986
nn_margin,0.2,close35_open12,0.05801111111111111,0.009051928267866521,0.2049,0.0963009856799106,0.12871303642311213
nn_margin,0.2,close35_open13,0.011555555555555555,0.0040419498291080665,0.2049,0.018471872463631987,0.030127661193096414
nn_margin,0.2,close35_open14,0.0026999999999999997,0.0021291253255135223,0.2049,0.00422634166146,0.007449617582189412
nn_margin,0.2,close35_open15,0.00012222222222222224,0.0012447562129547776,0.2049,0.00018788819695496667,0.0003504048279507445
nn_margin,0.2,close35_open16,0.0010888888888888888,0.0005454889651948778,0.2049,0.0016658730002555666,0.0031375019432611667
nn_margin,0.2,close35_open24,0.34071111111111113,0.015490372609369843,0.2049,0.61101009896084,0.4369829951764287
nn_margin,0.2,close35_open25,0.32406666666666667,0.011110845070123323,0.2049,0.5797514756510473,0.4250238654977638
nn_margin,0.2,close35_open26,0.30885555555555555,0.007419430451662456,0.2049,0.5507171262107616,0.4139211640331307
nn_margin,0.2,close35_open27,0.29223333333333334,0.004746841335786577,0.2049,0.5206681502265821,0.40046815552398546
nn_margin,0.2,close35_open29,0.10151111111111111,0.0,0.2049,0.17295879868264108,0.19727122121880514
nn_margin,0.2,close36_open03,0.22535555555555556,0.0035569108848959,0.2049,0.39255503357910704,0.3466801279217024
nn_margin,0.2,close36_open04,0.21406666666666668,0.002616097720786467,0.2049,0.37272096245093056,0.33511603265847406
nn_margin,0.2,close36_open21,0.14665555555555557,0.0,0.2049,0.24993277582687773,0.26195927729950114
nn_margin,0.2,close36_open22,0.1175888888888889,0.0,0.2049,0.19972666996161018,0.2223720495430087
nn_margin,0.2,close36_open23,0.020855555555555558,0.0,0.2049,0.03459333247677773,0.04989554853267337
nn_margin,0.2,close36_open24,8.888888888888889e-05,0.03355155684021979,0.2049,0.0001257781916985222,0.00032982822345952226
nn_margin,0.2,close36_open25,2.2222222222222223e-05,0.03859640557186372,0.2049,3.129451920521111e-05,8.420698075868889e-05
nn_spread,0.05,close32_open01,0.47022222222222226,0.07101520988870562,0.04773333333333333,0.739556791009003,0.5721873741458544
nn_spread,0.05,close32_open03,0.3187888888888889,0.016903428494382276,0.04773333333333333,0.49344604222660177,0.4778108111175995
nn_spread,0.05,close32_open04,0.3078888888888889,0.014594021582768799,0.04773333333333333,0.4760752663657202,0.4691840617489944
nn_spread,0.05,close32_open05,0.0028,0.08473176191642671,0.04773333333333333,0.004252110519230133,0.009856675114523945
nn_spread,0.05,close32_open06,0.009644444444444445,0.11325544209446232,0.04773333333333333,0.014685623804939632,0.03568150237322049
nn_spread,0.05,close32_open18,0.033822222222222226,0.0005170186987399667,0.04773333333333333,0.05155913651828662,0.08959073933133181
nn_spread,0.05,close32_open19,0.0233,0.001911788915148289,0.04773333333333333,0.035516870424312175,0.06363213826146685
nn_spread,0.05,close33_open08,0.001422222222222222,0.022552362771422956,0.04773333333333333,0.0021583546580871446,0.004345782378772278
nn_spread,0.05,close33_open10,0.00022222222222222223,0.02817435571762878,0.04773333333333333,0.00033679180762288883,0.0006920185908598222
nn_spread,0.05,close33_open13,0.0001888888888888889,0.03150806799208448,0.04773333333333333,0.0002863344550351778,0.0005927267580206
nn_spread,0.05,close34_open01,0.596918169956423,0.18461920939728005,0.04773333333333333,0.8833764174260919,0.6607534536270924
nn_spread,0.05,close34_open02,0.47287777777777773,0.07974459944943808,0.04773333333333333,0.7412060111394866,0.5762443317256165
nn_spread,0.05,close34_open04,0.44124444444444444,0.05592963948224286,0.04773333333333333,0.6879288424396762,0.5599323131000757
nn_spread,0.05,close34_open06,0.0024333333333333334,0.12687722439829807,0.04773333333333333,0.0036952465234835774,0.009780548391955699
nn_spread,0.05,close34_open07,0.012555555555555556,0.10184982205062573,0.04773333333333333,0.019162918777914824,0.044118385324377125
nn_spread,0.05,close34_open08,0.015844444444444446,0.09358591518511461,0.04773333333333333,0.02421045117273779,0.05360257570635038
nn_spread,0.05,close34_open09,0.020533333333333334,0.0854926436426033,0.04773333333333333,0.031411764098876936,0.06673312373343734
nn_spread,0.05,close34_open10,0.024911111111111113,0.07853314877935798,0.04773333333333333,0.038147107871914096,0.07823845509404936
nn_spread,0.05,close34_open17,0.09293333333333334,0.0008701819212035334,0.04773333333333333,0.14190261618832592,0.21234006212492154
nn_spread,0.05,close34_open18,0.060988888888888884,0.0005411290179837333,0.04773333333333333,0.09306870734965891,0.15045323109132464
nn_spread,0.05,close34_open19,0.04151111111111111,0.0018256609331240555,0.04773333333333333,0.06335076963353753,0.10778925434648418
nn_spread,0.05,close35_open05,0.4199777777777778,0.06152044103285174,0.04773333333333333,0.6545090206305995,0.5498268029720834
nn_spread,0.05,close35_open06,0.3393888888888889,0.037417449735738656,0.04773333333333333,0.5244171548136598,0.4988825379927563
nn_spread,0.05,close35_open08,0.20671111111111112,0.013303638406621432,0.04773333333333333,0.3158667936081735,0.37841453723564084
nn_spread,0.05,close35_open09,0.1784222222222222,0.0104071903209546,0.04773333333333333,0.27224811005721095,0.34440164478732793
nn_spread,0.05,close35_open10,0.1529888888888889,0.008139825243175256,0.04773333333333333,0.23335308086003925,0.3101574512419804
nn_spread,0.05,close35_open11,0.12043333333333332,0.0063638392016359,0.04773333333333333,0.183659234098107,0.26106939037008176
nn_spread,0.05,close35_open12,0.11982222222222222,0.021979940198154156,0.04773333333333333,0.18235677961277597,0.2658286885922816
nn_spread,0.05,close35_open13,0.05401111111111111,0.01877622387925649,0.04773333333333333,0.08199906017034947,0.14073093075403012
nn_spread,0.05,close35_open14,0.03233333333333334,0.0172462840043506,0.04773333333333333,0.0491069377824091,0.08907340286553876
nn_spread,0.05,close35_open15,0.016433333333333335,0.015590351310159555,0.04773333333333333,0.02497394437244589,0.047199948271885554
nn_spread,0.05,close35_open16,0.014177777777777777,0.01590955623506662,0.04773333333333333,0.021588328356410946,0.04085537214784333
nn_spread,0.05,close35_open24,0.4310555555555556,0.032654972847028486,0.04773333333333333,0.6691222406688637,0.5528425162307866
nn_spread,0.05,close35_open25,0.4140111111111111,0.025666611532195356,0.04773333333333333,0.6413809078709083,0.5429744638154479
nn_spread,0.05,close35_open26,0.39832222222222224,0.02021956138117509,0.04773333333333333,0.615578709217106,0.533814823605554
nn_spread,0.05,close35_open27,0.3819333333333333,0.015830508548270034,0.04773333333333333,0.5893981641004872,0.5233833332391069
nn_spread,0.05,close35_open29,0.16842222222222222,0.002842157163496834,0.04773333333333333,0.2581450596258936,0.32728174875915933
nn_spread,0.05,close36_open03,0.3028666666666667,0.014238600767389099,0.04773333333333333,0.46748293982248046,0.46589984083278985
nn_spread,0.05,close36_open04,0.29154444444444444,0.0114636486869222,0.04773333333333333,0.4494687008109249,0.45638767417537157
nn_spread,0.05,close36_open21,0.21075555555555556,0.007032373044193033,0.04773333333333333,0.32534543702702623,0.3764178857033331
nn_spread,0.05,close36_open22,0.18107777777777778,0.005101728223898034,0.04773333333333333,0.2786553699589344,0.3423980552216466
nn_spread,0.05,close36_open23,0.07392222222222222,0.0007248695594463222,0.04773333333333333,0.1127897093987839,0.17679999297928892
nn_spread,0.05,close36_open24,0.0019,0.10080653258828164,0.04773333333333333,0.0028883252428977555,0.007020500458572556
nn_spread,0.05,close36_open25,0.0011111111111111111,0.10897660734080489,0.04773333333333333,0.0016859577545597889,0.004232939868654589
nn_spread,0.1,close32_open01,0.4476888888888889,0.058987796622494586,0.0967,0.7274509741893013,0.5447693059762572
nn_spread,0.1,close32_open03,0.3042666666666667,0.013261421737122577,0.0967,0.4808778384976522,0.45604668773879836
nn_spread,0.1,close32_open04,0.2938,0.011360230657990168,0.0967,0.4635949358114612,0.4477166114914003
nn_spread,0.1,close32_open05,0.0025222222222222226,0.08052814176105925,0.0967,0.0038142036844213668,0.008877380055237211
nn_spread,0.1,close32_open06,0.008533333333333334,0.10836826953148976,0.0967,0.012941841494013322,0.03157084174524009
nn_spread,0.1,close32_open18,0.03222222222222222,0.00039235832440863335,0.0967,0.04923259504774918,0.08535757116012348
nn_spread,0.1,close32_open19,0.02208888888888889,0.0015788959382893332,0.0967,0.03372088206154723,0.06032566445704604
nn_spread,0.1,close33_open08,0.0013,0.020173331607791934,0.0967,0.0019685238666732447,0.003972704781249367
nn_spread,0.1,close33_open10,0.00019999999999999998,0.02555026081546349,0.0967,0.0003022553400823333,0.0006230615845156111
nn_spread,0.1,close33_open13,0.00016666666666666666,0.028731205161712944,0.0967,0.0002518972082611222,0.0005231318760720222
nn_spread,0.1,close34_open01,0.5685503894537786,0.16096385562789187,0.0967,0.8751777296290979,0.6293526252715294
nn_spread,0.1,close34_open02,0.4513777777777778,0.06718268396167687,0.0967,0.7295162600200672,0.5500454951738962
nn_spread,0.1,close34_open04,0.4221333333333333,0.046755270569195255,0.0967,0.6762343306477255,0.5356811067030915
nn_spread,0.1,close34_open06,0.0020444444444444442,0.12128931582457808,0.0967,0.0030863756410844777,0.0082158050280867
nn_spread,0.1,close34_open07,0.010988888888888888,0.09759484367123669,0.0967,0.016731860881327554,0.03861249737454953
nn_spread,0.1,close34_open08,0.013822222222222222,0.08967482527416659,0.0967,0.02109343171299582,0.04676293748233864
nn_spread,0.1,close34_open09,0.017933333333333332,0.08188318097841399,0.0967,0.0274341447804385,0.05829011282513178
nn_spread,0.1,close34_open10,0.02178888888888889,0.0751753806953147,0.0967,0.033403996166440166,0.06843523918642824
nn_spread,0.1,close34_open17,0.08897777777777777,0.0006923926611651445,0.0967,0.136667891578254,0.20330703126970578
nn_spread,0.1,close34_open18,0.058444444444444445,0.00041071032837082224,0.0967,0.08952055910817042,0.14418126864703903
nn_spread,0.1,close34_open19,0.03952222222222222,0.0015002001859322,0.0967,0.06047876731809332,0.10262934631309754
nn_spread,0.1,close35_open05,0.4011222222222222,0.052486429896338484,0.0967,0.6418566733558616,0.5251431200053616
nn_spread,0.1,close35_open06,0.3247,0.031854946224292496,0.0967,0.5119352215866029,0.47729251906466885
nn_spread,0.1,close35_open08,0.19901111111111114,0.010755128842815077,0.0967,0.3071720752213575,0.3643272264424535
nn_spread,0.1,close35_open09,0.17200000000000001,0.008286295857351033,0.0967,0.2646275286069381,0.3320109039701419
nn_spread,0.1,close35_open10,0.1474111111111111,0.006473679092601811,0.0967,0.22647683676651342,0.29885912498094075
nn_spread,0.1,close35_open11,0.11608888888888888,0.005205892407026033,0.0967,0.1780407738649976,0.25165691075084795
nn_spread,0.1,close35_open12,0.11491111111111112,0.018844671399210797,0.0967,0.17573471747975267,0.2549378577148475
nn_spread,0.1,close35_open13,0.05177777777777778,0.015909626558932112,0.0967,0.07866027713573123,0.13491689628498238
nn_spread,0.1,close35_open14,0.030999999999999996,0.01480672994870579,0.0967,0.04706602932742479,0.08540516562121193
nn_spread,0.1,close35_open15,0.015555555555555557,0.0136987573858947,0.0967,0.02362637123492461,0.0446808112275128
nn_spread,0.1,close35_open16,0.012677777777777779,0.01408915808540559,0.0967,0.01931464493463371,0.03652778584656398
nn_spread,0.1,close35_open24,0.41365555555555555,0.026042834744842567,0.0967,0.6584111747813004,0.5305278087304957
nn_spread,0.1,close35_open25,0.39765555555555554,0.020176184194424723,0.0967,0.6307558090715917,0.521525284383032
nn_spread,0.1,close35_open26,0.3827111111111111,0.0159112649575823,0.0967,0.6050349020951407,0.5128966378225708
nn_spread,0.1,close35_open27,0.36735555555555555,0.012115205773226632,0.0967,0.5790375685454261,0.5034082258885891
nn_spread,0.1,close35_open29,0.16226666666666667,0.0024761433662277444,0.0967,0.251008136205479,0.3153269451387076
nn_spread,0.1,close36_open03,0.2896444444444445,0.01112396833671119,0.0967,0.4556072205805002,0.4455621749496986
nn_spread,0.1,close36_open04,0.2788555555555556,0.00875376089260959,0.0967,0.4378141329786839,0.436528800560029
nn_spread,0.1,close36_open21,0.19964444444444443,0.005667953249334389,0.0967,0.31327287953787025,0.35657493324347733
nn_spread,0.1,close36_open22,0.17153333333333334,0.004085777442765567,0.0967,0.26769886988570296,0.32435480775988457
nn_spread,0.1,close36_open23,0.07052222222222222,0.0004961058871272667,0.0967,0.10813878261776869,0.16866946727564394
nn_spread,0.1,close36_open24,0.0015666666666666667,0.09632974954300128,0.0967,0.002370961867418078,0.005788524323006511
nn_spread,0.1,close36_open25,0.000911111111111111,0.10397985071053203,0.0967,0.0013751688485327221,0.0034705015703646444
nn_spread,0.2,close32_open01,0.40308888888888883,0.041853391417518065,0.19697777777777778,0.7023725314172009,0.49048423515967776
nn_spread,0.2,close32_open03,0.2741222222222222,0.009088115294257966,0.19697777777777778,0.45383274970918464,0.41084870524745143
nn_spread,0.2,close32_open04,0.2646,0.007768921890611578,0.19697777777777778,0.4367611973918344,0.40320294779939225
nn_spread,0.2,close32_open05,0.001966666666666667,0.07119250329887422,0.19697777777777778,0.0029462481803448227,0.006918062375798267
nn_spread,0.2,close32_open06,0.006488888888888889,0.09695076335235867,0.19697777777777778,0.009740843262409723,0.02400739173431672
nn_spread,0.2,close32_open18,0.02811111111111111,0.00026772354598324444,0.19697777777777778,0.04321005995412684,0.0744757499155893
nn_spread,0.2,close32_open19,0.018977777777777777,0.0012106189014529332,0.19697777777777778,0.029095491265282755,0.0518357046098588
nn_spread,0.2,close33_open08,0.0011111111111111111,0.016323974624760023,0.19697777777777778,0.0016768797637457223,0.0033940621568123667
nn_spread,0.2,close33_open10,0.00013333333333333334,0.021237548845199135,0.19697777777777778,0.00020076102564385554,0.0004148078255395889
nn_spread,0.2,close33_open13,0.0001,0.023734455620822898,0.19697777777777778,0.00015056701623426667,0.00031303676769168885
nn_spread,0.2,close34_open01,0.5151422943478029,0.11606576522371978,0.19697777777777778,0.8577467460714266,0.5702296205464097
nn_spread,0.2,close34_open02,0.4077888888888889,0.048359787974658834,0.19697777777777778,0.7048610580292286,0.4969201001666257
nn_spread,0.2,close34_open04,0.38188888888888894,0.033509182153064754,0.19697777777777778,0.650770337876494,0.48460078858336086
nn_spread,0.2,close34_open06,0.001422222222222222,0.10839491964696873,0.19697777777777778,0.0021166108969962114,0.005709903272973634
nn_spread,0.2,close34_open07,0.008233333333333334,0.08715883440800704,0.19697777777777778,0.012440932983382601,0.028928188577185068
nn_spread,0.2,close34_open08,0.010477777777777777,0.07999082235749823,0.19697777777777778,0.01589867493009518,0.035447494976195724
nn_spread,0.2,close34_open09,0.013777777777777778,0.07299346339736001,0.19697777777777778,0.02100559373856041,0.04477522429645095
nn_spread,0.2,close34_open10,0.016866666666666665,0.06700744808484492,0.19697777777777778,0.02582215050764876,0.05297634276608359
nn_spread,0.2,close34_open17,0.07981111111111111,0.00041537642704762216,0.19697777777777778,0.12430007579884116,0.18234750004731984
nn_spread,0.2,close34_open18,0.05176666666666666,0.00028027297119705553,0.19697777777777778,0.08009035218378069,0.12771065298376322
nn_spread,0.2,close34_open19,0.03417777777777778,0.0011748223049445,0.19697777777777778,0.05270282966031557,0.08876270504949008
nn_spread,0.2,close35_open05,0.36182222222222227,0.038002837716047455,0.19697777777777778,0.6142140010841912,0.47367974150682735
nn_spread,0.2,close35_open06,0.2934,0.023169945871879025,0.19697777777777778,0.4843424664671416,0.43127045059471697
nn_spread,0.2,close35_open08,0.18086666666666665,0.007399893153437511,0.19697777777777778,0.2865051264944609,0.33110491208543547
nn_spread,0.2,close35_open09,0.15675555555555556,0.005748004799567778,0.19697777777777778,0.2464784627380237,0.3025753284223349
nn_spread,0.2,close35_open10,0.13436666666666666,0.004675969916500211,0.19697777777777778,0.2103431252691916,0.2724089761942309
nn_spread,0.2,close35_open11,0.1057,0.0038636263959656997,0.19697777777777778,0.1645320827781423,0.22912584721148546
nn_spread,0.2,close35_open12,0.10386666666666666,0.013908434960031421,0.19697777777777778,0.16088217172524738,0.23042401906248264
nn_spread,0.2,close35_open13,0.0466,0.0116895400528881,0.19697777777777778,0.07106625085924545,0.12142581394886563
nn_spread,0.2,close35_open14,0.02767777777777778,0.011320061066253067,0.19697777777777778,0.042088469511684795,0.07626192389430846
nn_spread,0.2,close35_open15,0.013544444444444446,0.010837057074455755,0.19697777777777778,0.02057437832890749,0.03890821571810833
nn_spread,0.2,close35_open16,0.010411111111111112,0.0116049259671017,0.19697777777777778,0.015875625890104723,0.02999932062873591
nn_spread,0.2,close35_open24,0.37589999999999996,0.017621852612840244,0.19697777777777778,0.6345512803818852,0.48209143046353614
nn_spread,0.2,close35_open25,0.3614777777777778,0.013535520427253044,0.19697777777777778,0.6066383904713152,0.47406213082745097
nn_spread,0.2,close35_open26,0.34775555555555554,0.010350780003380043,0.19697777777777778,0.5805386957436279,0.46603700330116343
nn_spread,0.2,close35_open27,0.33394444444444443,0.007961637235033132,0.19697777777777778,0.5545731838654195,0.4576027602681172
nn_spread,0.2,close35_open29,0.14728888888888889,0.001880917132404822,0.19697777777777778,0.23312408041114394,0.2862162329893631
nn_spread,0.2,close36_open03,0.26156666666666667,0.007342617911269212,0.19697777777777778,0.42949096449962754,0.4023576023963417
nn_spread,0.2,close36_open04,0.2518888888888889,0.0057026578808061,0.19697777777777778,0.4121944344407601,0.39430138924528957
nn_spread,0.2,close36_open21,0.1779222222222222,0.003999362467257333,0.19697777777777778,0.2886694392581995,0.3177726835358628
nn_spread,0.2,close36_open22,0.15258888888888889,0.0029295031059370777,0.19697777777777778,0.24515442791822353,0.28853056462153
nn_spread,0.2,close36_open23,0.06290000000000001,0.0003625423261587667,0.19697777777777778,0.09757286734488113,0.15043091589353963
nn_spread,0.2,close36_open24,0.0010777777777777778,0.08609745965543372,0.19697777777777778,0.0016133108943298111,0.003977316003730267
nn_spread,0.2,close36_open25,0.0006333333333333334,0.0929029157559649,0.19697777777777778,0.0009444935086167334,0.0024094110374339333
phy_d,0.05,close32_open01,0.006611111111111111,0.0057595389995536116,0.5095,0.03598789399223305,0.008045548330574033
phy_d,0.05,close32_open03,0.006111111111111111,0.002170546053053545,0.3462,0.01805001415048779,0.00916585336394149
phy_d,0.05,close32_open04,0.005088888888888889,0.0024777932690899663,0.33486666666666665,0.014630609968042734,0.007753269183590289
phy_d,0.05,close32_open05,0.0,9.291694936726667e-05,0.10916666666666668,0.0,0.0
phy_d,0.05,close32_open06,0.0,0.0,0.1401111111111111,0.0,0.0
phy_d,0.05,close32_open18,0.0017333333333333333,0.0,0.06358888888888889,0.0027779403675856555,0.004588411513670633
phy_d,0.05,close32_open19,0.0021666666666666666,0.0,0.058511111111111104,0.00340604535062,0.005918998293682833
phy_d,0.05,close33_open08,7.77777777777778e-05,3.302792722932222e-05,0.06398888888888889,0.00011530818379974444,0.00023890785839878888
phy_d,0.05,close33_open10,4.4444444444444447e-05,0.00011514403873362223,0.06752222222222222,6.522997678693333e-05,0.0001394116826989889
phy_d,0.05,close33_open13,1.1111111111111112e-05,0.00014648605612056667,0.07024444444444444,1.623956607878889e-05,3.5195157146366664e-05
phy_d,0.05,close34_open01,0.0052833814365811,0.0182145607431603,0.6026666666666667,0.05263440008476997,0.005849795623224923
phy_d,0.05,close34_open02,0.006344444444444444,0.007955651568338745,0.5105444444444445,0.0344425608676175,0.0077310977066159005
phy_d,0.05,close34_open04,0.006522222222222223,0.005749305742326044,0.4736333333333333,0.029966607134761576,0.008280726373784745
phy_d,0.05,close34_open06,0.0,0.00037063350427453336,0.14196666666666669,0.0,0.0
phy_d,0.05,close34_open07,0.0,0.0003728955486373333,0.13232222222222223,0.0,0.0
phy_d,0.05,close34_open08,0.0,0.00014171708924236664,0.12992222222222222,0.0,0.0
phy_d,0.05,close34_open09,0.0,0.0,0.1289888888888889,0.0,0.0
phy_d,0.05,close34_open10,0.0,9.760858955586665e-05,0.12895555555555555,0.0,0.0
phy_d,0.05,close34_open17,0.002633333333333333,5.91436006624e-05,0.11879999999999999,0.004664987897196767,0.006011952116140322
phy_d,0.05,close34_open18,0.002211111111111111,0.0,0.08958888888888888,0.0037067461293661336,0.005450364404062844
phy_d,0.05,close34_open19,0.002488888888888889,0.0,0.07555555555555554,0.0040278002980315,0.006470714390160688
phy_d,0.05,close35_open05,0.0037666666666666664,0.0024001402204588667,0.4604777777777778,0.015709448696012544,0.004934406060505533
phy_d,0.05,close35_open06,0.0029,0.002082817290491678,0.3754333333333333,0.009013905427100101,0.004260981729150567
phy_d,0.05,close35_open08,0.0018,0.0013163657895916,0.23543333333333333,0.0039545840678112554,0.0032968862210690556
phy_d,0.05,close35_open09,0.0021555555555555555,0.0011319398774903779,0.20546666666666666,0.004456800872145289,0.004161668821264144
phy_d,0.05,close35_open10,0.0017333333333333333,0.00041520149994584446,0.18046666666666666,0.0034056731617976223,0.0035171204273042895
phy_d,0.05,close35_open11,0.0021666666666666666,0.0005373092814916444,0.14963333333333334,0.004010254982737166,0.004694218174059933
phy_d,0.05,close35_open12,0.002288888888888889,0.0003032506779679222,0.15504444444444443,0.0041514680885561,0.005078067096352889
phy_d,0.05,close35_open13,0.0017444444444444443,0.0010473584173215779,0.09032222222222222,0.0028236141676374446,0.004550709595099877
phy_d,0.05,close35_open14,0.0016666666666666666,0.0006981429756576,0.07218888888888889,0.0026114168358836224,0.004592186141855822
phy_d,0.05,close35_open15,0.0015222222222222223,0.0004758979596869889,0.06085555555555555,0.0023310728004456776,0.004372333570162367
phy_d,0.05,close35_open16,0.0009666666666666666,0.0008502178543283111,0.06355555555555555,0.0014780395839860223,0.0027907762719038332
phy_d,0.05,close35_open24,0.008566666666666667,0.007382271704407823,0.45587777777777777,0.037646579565758787,0.01099372410740469
phy_d,0.05,close35_open25,0.008344444444444444,0.006327046326991211,0.43803333333333333,0.03412994484916281,0.0109485352210426
phy_d,0.05,close35_open26,0.008522222222222223,0.005268638656556889,0.4206777777777778,0.03260036287397006,0.011428998837491933
phy_d,0.05,close35_open27,0.008066666666666666,0.0051289795255865895,0.4032777777777778,0.02910821156618111,0.011059376504748423
phy_d,0.05,close35_open29,0.0016888888888888889,4.5388525780666665e-05,0.2003222222222222,0.0034689908732478,0.0032806499470314555
phy_d,0.05,close36_open03,0.0023888888888888887,0.0011414051761384555,0.33384444444444444,0.006771679267529345,0.003679602246459111
phy_d,0.05,close36_open04,0.0024444444444444444,0.0011600307743644667,0.3210777777777778,0.006716220573277,0.0038310227830125002
phy_d,0.05,close36_open21,0.005566666666666667,0.0006040936357486,0.23755555555555555,0.012503420487570022,0.009938519425799233
phy_d,0.05,close36_open22,0.005411111111111111,0.0006371599854836,0.20642222222222223,0.011365578076301812,0.010229080757341611
phy_d,0.05,close36_open23,0.003522222222222222,0.0,0.09796666666666667,0.0060186028138624,0.008420102810803923
phy_d,0.05,close36_open24,0.0,0.0002739734911645444,0.11942222222222222,0.0,0.0
phy_d,0.05,close36_open25,0.0,0.00027020204709804447,0.12544444444444444,0.0,0.0
phy_d,0.1,close32_open01,0.0015888888888888888,0.0019289463273769335,0.5240666666666667,0.008871408930570868,0.0019329948623176556
phy_d,0.1,close32_open03,0.0008777777777777777,0.0006379099997306779,0.3703666666666667,0.002634058702864756,0.0013152356414597112
phy_d,0.1,close32_open04,0.0008555555555555556,0.0007738338758501332,0.35854444444444444,0.002482388946479011,0.0013045200625127666
phy_d,0.1,close32_open05,0.0,0.0,0.1439111111111111,0.0,0.0
phy_d,0.1,close32_open06,0.0,0.0,0.17225555555555555,0.0,0.0
phy_d,0.1,close32_open18,3.3333333333333335e-05,0.0,0.10826666666666668,5.332764535451111e-05,8.886519150447779e-05
phy_d,0.1,close32_open19,0.0,0.0,0.1058111111111111,0.0,0.0
phy_d,0.1,close33_open08,0.0,0.0,0.11165555555555556,0.0,0.0
phy_d,0.1,close33_open10,0.0,0.0,0.11366666666666668,0.0,0.0
phy_d,0.1,close33_open13,0.0,0.0,0.11673333333333333,0.0,0.0
phy_d,0.1,close34_open01,0.002227573289248489,0.010094467344701733,0.6089444444444445,0.022740543070998223,0.0024660486202816665
phy_d,0.1,close34_open02,0.002777777777777778,0.0032137107640901334,0.5233666666666666,0.015340609514793265,0.003382749637719411
phy_d,0.1,close34_open04,0.0016777777777777776,0.0022599597871772893,0.4890333333333333,0.007855037384131833,0.002130481175451989
phy_d,0.1,close34_open06,0.0,0.0,0.1759888888888889,0.0,0.0
phy_d,0.1,close34_open07,0.0,0.0,0.16865555555555556,0.0,0.0
phy_d,0.1,close34_open08,0.0,0.0,0.16674444444444447,0.0,0.0
phy_d,0.1,close34_open09,0.0,0.0,0.1656111111111111,0.0,0.0
phy_d,0.1,close34_open10,0.0,0.0,0.1658666666666667,0.0,0.0
phy_d,0.1,close34_open17,3.3333333333333335e-05,0.0,0.15507777777777776,5.904495705256668e-05,7.656672576948889e-05
phy_d,0.1,close34_open18,3.3333333333333335e-05,0.0,0.1292,5.577867023649999e-05,8.281573498963332e-05
phy_d,0.1,close34_open19,0.0,0.0,0.1172888888888889,0.0,0.0
phy_d,0.1,close35_open05,0.0005,0.0005247443325134111,0.4779,0.002119761868573411,0.0006541058744311333
phy_d,0.1,close35_open06,0.00013333333333333334,0.00020506510817183332,0.39644444444444443,0.00041527209395010004,0.0001963959530492
phy_d,0.1,close35_open08,0.0,0.0001947036393720889,0.26313333333333333,0.0,0.0
phy_d,0.1,close35_open09,0.0,0.00013976240391333332,0.2342111111111111,0.0,0.0
phy_d,0.1,close35_open10,0.0,0.0,0.21116666666666667,0.0,0.0
phy_d,0.1,close35_open11,0.0,0.00016516296637967778,0.1836888888888889,0.0,0.0
phy_d,0.1,close35_open12,0.0,0.0,0.18653333333333333,0.0,0.0
phy_d,0.1,close35_open13,0.0,5.447513210216666e-05,0.12604444444444446,0.0,0.0
phy_d,0.1,close35_open14,0.0,1.7374685083822222e-05,0.11181111111111111,0.0,0.0
phy_d,0.1,close35_open15,3.3333333333333335e-05,5.078978109603334e-05,0.10673333333333333,5.147210212063333e-05,9.456264775413334e-05
phy_d,0.1,close35_open16,0.0,0.0,0.11024444444444444,0.0,0.0
phy_d,0.1,close35_open24,0.003522222222222222,0.003205303909208911,0.4726222222222223,0.015732584179342757,0.004522132511791256
phy_d,0.1,close35_open25,0.003622222222222222,0.004383364285928711,0.4538222222222222,0.015073178090757866,0.004753022929222189
phy_d,0.1,close35_open26,0.0041,0.0027341720901920778,0.4372333333333333,0.015878355102888413,0.005502543832543411
phy_d,0.1,close35_open27,0.003277777777777778,0.003529392342922522,0.4214777777777778,0.012048351325475888,0.004488054566129345
phy_d,0.1,close35_open29,0.0,0.0,0.23146666666666668,0.0,0.0
phy_d,0.1,close36_open03,4.4444444444444447e-05,0.0001278976818545,0.3567666666666667,0.00012500195562754445,6.89488744096111e-05
phy_d,0.1,close36_open04,9.999999999999999e-05,0.0002461039086136,0.3453111111111111,0.0002732210299658111,0.0001577146880633222
phy_d,0.1,close36_open21,0.00046666666666666666,0.0,0.2702777777777778,0.0010601216201481,0.0008329715643002333
phy_d,0.1,close36_open22,0.0005555555555555556,7.036802476953334e-05,0.24036666666666667,0.0011811765945731,0.001047691391954511
phy_d,0.1,close36_open23,0.00018888888888888888,0.0,0.13564444444444446,0.00032528180620327777,0.00045025366990775553
phy_d,0.1,close36_open24,0.0,0.0,0.1564333333333333,0.0,0.0
phy_d,0.1,close36_open25,0.0,4.4899425287333336e-05,0.1608888888888889,0.0,0.0
phy_d,0.2,close32_open01,5.555555555555556e-05,0.0,0.5501111111111112,0.00031840991645815553,6.729150780385555e-05
phy_d,0.2,close32_open03,3.3333333333333335e-05,0.0,0.41567777777777776,9.795278675676667e-05,5.052035970493333e-05
phy_d,0.2,close32_open04,0.0,0.0,0.40484444444444445,0.0,0.0
phy_d,0.2,close32_open05,0.0,0.0,0.21683333333333332,0.0,0.0
phy_d,0.2,close32_open06,0.0,0.0,0.2408222222222222,0.0,0.0
phy_d,0.2,close32_open18,0.0,0.0,0.2023222222222222,0.0,0.0
phy_d,0.2,close32_open19,0.0,0.0,0.20216666666666666,0.0,0.0
phy_d,0.2,close33_open08,0.0,0.0,0.20324444444444445,0.0,0.0
phy_d,0.2,close33_open10,0.0,0.0,0.20506666666666667,0.0,0.0
phy_d,0.2,close33_open13,0.0,0.0,0.20583333333333334,0.0,0.0
phy_d,0.2,close34_open01,0.00022871715540754442,0.0015186738068551,0.6198777777777777,0.0023627739641605,0.00025321643109964444
phy_d,0.2,close34_open02,0.00022222222222222223,0.0,0.5479888888888889,0.0012227042825403668,0.00027151094709804445
phy_d,0.2,close34_open04,0.00013333333333333334,0.00015956598053293335,0.5164777777777778,0.0006240644507488,0.00016954389523136666
phy_d,0.2,close34_open06,0.0,0.0,0.24647777777777774,0.0,0.0
phy_d,0.2,close34_open07,0.0,0.0,0.24235555555555555,0.0,0.0
phy_d,0.2,close34_open08,0.0,0.0,0.24313333333333334,0.0,0.0
phy_d,0.2,close34_open09,0.0,0.0,0.24435555555555555,0.0,0.0
phy_d,0.2,close34_open10,0.0,0.0,0.24792222222222224,0.0,0.0
phy_d,0.2,close34_open17,0.0,0.0,0.22714444444444443,0.0,0.0
phy_d,0.2,close34_open18,0.0,0.0,0.21008888888888888,0.0,0.0
phy_d,0.2,close34_open19,0.0,0.0,0.20622222222222222,0.0,0.0
phy_d,0.2,close35_open05,0.0,0.0,0.5079888888888889,0.0,0.0
phy_d,0.2,close35_open06,0.0,0.0,0.43525555555555556,0.0,0.0
phy_d,0.2,close35_open08,0.0,0.0,0.31803333333333333,0.0,0.0
phy_d,0.2,close35_open09,0.0,0.0,0.2941666666666667,0.0,0.0
phy_d,0.2,close35_open10,0.0,0.0,0.2715444444444445,0.0,0.0
phy_d,0.2,close35_open11,0.0,0.0,0.25008888888888886,0.0,0.0
phy_d,0.2,close35_open12,0.0,0.0,0.24792222222222224,0.0,0.0
phy_d,0.2,close35_open13,0.0,0.0,0.20286666666666667,0.0,0.0
phy_d,0.2,close35_open14,0.0,0.0,0.20054444444444444,0.0,0.0
phy_d,0.2,close35_open15,0.0,0.0,0.20386666666666667,0.0,0.0
phy_d,0.2,close35_open16,0.0,0.0,0.21043333333333333,0.0,0.0
phy_d,0.2,close35_open24,0.000988888888888889,0.0007108406885489667,0.4997888888888889,0.004474898870762611,0.0012682913811001444
phy_d,0.2,close35_open25,0.0008444444444444444,0.0011706758583124555,0.48498888888888886,0.0035150802094317444,0.0011108265335335779
phy_d,0.2,close35_open26,0.0011555555555555555,0.0013946589743129333,0.46843333333333326,0.004524672663784634,0.0015504917619996556
phy_d,0.2,close35_open27,0.0007888888888888889,0.0008190528161611556,0.4545555555555556,0.0029087891319258003,0.001082007223950689
phy_d,0.2,close35_open29,0.0,0.0,0.2899777777777778,0.0,0.0
phy_d,0.2,close36_open03,0.0,0.0,0.40014444444444447,0.0,0.0
phy_d,0.2,close36_open04,0.0,0.0,0.39045555555555556,0.0,0.0
phy_d,0.2,close36_open21,0.0,0.0,0.33290000000000003,0.0,0.0
phy_d,0.2,close36_open22,0.0,0.0,0.30485555555555555,0.0,0.0
phy_d,0.2,close36_open23,0.0,0.0,0.21238888888888888,0.0,0.0
phy_d,0.2,close36_open24,0.0,0.0,0.23088888888888887,0.0,0.0
phy_d,0.2,close36_open25,0.0,0.0,0.23233333333333336,0.0,0.0
phy_min,0.05,close32_open01,0.4636888888888888,0.06363750336089742,0.05267777777777778,0.7353329675167767,0.5642507846357179
phy_min,0.05,close32_open03,0.3021333333333333,0.010704267486898223,0.055411111111111105,0.4784959092684828,0.45286974210244835
phy_min,0.05,close32_open04,0.28842222222222225,0.0082887048653366,0.05784444444444444,0.4582485761007606,0.43954223599907954
phy_min,0.05,close32_open05,0.001911111111111111,0.0679499000164456,0.06363333333333333,0.002855513359019411,0.006732037434024244
phy_min,0.05,close32_open06,0.009155555555555556,0.09585756986358519,0.06512222222222222,0.013693425145776768,0.03384599897540689
phy_min,0.05,close32_open18,0.010477777777777777,3.55612453548e-05,0.05832222222222223,0.01654823976231171,0.02776785814392879
phy_min,0.05,close32_open19,0.006977777777777777,0.0004914692854282889,0.0547,0.01088918888096099,0.019066370351245476
phy_min,0.05,close33_open08,0.00011111111111111112,0.011648249274561977,0.056,0.0001674637430325,0.00033845510563424445
phy_min,0.05,close33_open10,0.0,0.015462326740163033,0.05793333333333333,0.0,0.0
phy_min,0.05,close33_open13,0.0,0.019223479176443747,0.05795555555555555,0.0,0.0
phy_min,0.05,close34_open01,0.6016189159912109,0.1653704210797023,0.04647777777777778,0.8817990377642579,0.6659586841899819
phy_min,0.05,close34_open02,0.46596666666666664,0.07187997978455275,0.05056666666666667,0.7367190826199579,0.5678225397244024
phy_min,0.05,close34_open04,0.43091111111111113,0.04464862940622916,0.05171111111111111,0.680262136325839,0.5468347485120328
phy_min,0.05,close34_open06,0.0021666666666666666,0.10822082134544529,0.06345555555555556,0.003224288983625678,0.00871640184087329
phy_min,0.05,close34_open07,0.011488888888888889,0.08440980481326123,0.06486666666666667,0.017239872718896623,0.0403731536515443
phy_min,0.05,close34_open08,0.014477777777777777,0.0763627486537499,0.0655,0.021770599761398845,0.04897649893436842
phy_min,0.05,close34_open09,0.018555555555555558,0.06924083285574686,0.06657777777777778,0.027992783532586114,0.06031139053112346
phy_min,0.05,close34_open10,0.022533333333333336,0.06260873267487084,0.06722222222222222,0.034071107139213255,0.07075677280282915
phy_min,0.05,close34_open17,0.06448888888888889,4.008337341668889e-05,0.06191111111111111,0.10287660608164834,0.14737196893819576
phy_min,0.05,close34_open18,0.03598888888888889,3.717955867862222e-05,0.05996666666666666,0.057063886202623655,0.08879232889890197
phy_min,0.05,close34_open19,0.021566666666666665,0.00045224838263184443,0.05861111111111111,0.03389453424245662,0.056011969500898276
phy_min,0.05,close35_open05,0.40771111111111114,0.05369434722584763,0.05452222222222222,0.645910265804685,0.5337927642646296
phy_min,0.05,close35_open06,0.3214444444444444,0.029582565362981848,0.05715555555555555,0.5088387362425959,0.4725186148490164
phy_min,0.05,close35_open08,0.17983333333333335,0.0078028410818911775,0.06174444444444444,0.28542826853067366,0.32922402267335027
phy_min,0.05,close35_open09,0.15311111111111111,0.005699770695233956,0.05865555555555556,0.24214515584482962,0.2955528980493456
phy_min,0.05,close35_open10,0.12604444444444446,0.0036598800237148555,0.06096666666666666,0.19977625429655144,0.255535498042158
phy_min,0.05,close35_open11,0.09562222222222222,0.0022730660141982886,0.06057777777777778,0.15102961197994993,0.20726894990719158
phy_min,0.05,close35_open12,0.09145555555555557,0.016933204630045287,0.06337777777777778,0.14483078604313052,0.20290145404503426
phy_min,0.05,close35_open13,0.02758888888888889,0.011863703533878934,0.06414444444444445,0.04334444303653953,0.07187455310112108
phy_min,0.05,close35_open14,0.01211111111111111,0.0090115882320239,0.060733333333333334,0.018818482428842754,0.03338801731722883
phy_min,0.05,close35_open15,0.0037555555555555554,0.006672718394044856,0.05602222222222222,0.005766271533218989,0.010794252429474677
phy_min,0.05,close35_open16,0.004611111111111111,0.006041022748803022,0.05564444444444445,0.007051480206218145,0.013297954696057322
phy_min,0.05,close35_open24,0.41682222222222226,0.02653240368964601,0.05211111111111111,0.6602622011834832,0.5346106817611617
phy_min,0.05,close35_open25,0.3985777777777778,0.020386735505110967,0.052844444444444444,0.6313629406901897,0.5227490850429974
phy_min,0.05,close35_open26,0.3800555555555556,0.01596596706141161,0.05366666666666667,0.6033903992673634,0.5093531678426086
phy_min,0.05,close35_open27,0.3619555555555556,0.011883570473899667,0.054177777777777776,0.5753698763440807,0.4960166210875579
phy_min,0.05,close35_open29,0.14551111111111112,0.0010758977457885222,0.06091111111111111,0.2308332673214325,0.2827493059357295
phy_min,0.05,close36_open03,0.28227777777777774,0.009632489616939912,0.058477777777777774,0.4488578746262323,0.434238936980752
phy_min,0.05,close36_open04,0.2692888888888889,0.0075081352519250555,0.05972222222222222,0.42892757250138025,0.42155373648880534
phy_min,0.05,close36_open21,0.18742222222222224,0.001111459396974811,0.06251111111111111,0.29889534829865305,0.33475776993925055
phy_min,0.05,close36_open22,0.15611111111111112,0.0007313866132144111,0.062266666666666665,0.24901208387923882,0.2952095976408177
phy_min,0.05,close36_open23,0.043888888888888894,9.566681078472221e-05,0.06316666666666666,0.07013047030484541,0.10498865608348111
phy_min,0.05,close36_open24,0.0009555555555555555,0.08195805921631197,0.06296666666666667,0.0014248859087912667,0.0035365622713951447
phy_min,0.05,close36_open25,0.0006444444444444444,0.08998025018012251,0.06305555555555556,0.0009592998944126888,0.0024615250505022556
phy_min,0.1,close32_open01,0.4259777777777778,0.040595989388904664,0.11906666666666668,0.7135614056861913,0.5183571708147341
phy_min,0.1,close32_open03,0.2657555555555555,0.0026354994142914444,0.12806666666666666,0.4446154809429708,0.39835165893187974
phy_min,0.1,close32_open04,0.2535,0.0023573605687267777,0.12893333333333334,0.4249762634448916,0.3863335678772736
phy_min,0.1,close32_open05,0.00030000000000000003,0.03642201709988698,0.13784444444444444,0.00043396329419948887,0.0010613716517724999
phy_min,0.1,close32_open06,0.004066666666666666,0.06045250526333287,0.145,0.0059004465547384775,0.01501646187333502
phy_min,0.1,close32_open18,0.0008222222222222222,0.0,0.11577777777777779,0.0013189320443970222,0.002178799611750289
phy_min,0.1,close32_open19,0.0013777777777777777,3.5318217136377776e-05,0.10766666666666666,0.0021691438516683224,0.0037626917958882003
phy_min,0.1,close33_open08,0.0,0.002196205267350167,0.11477777777777777,0.0,0.0
phy_min,0.1,close33_open10,0.0,0.0040808733816654,0.1170888888888889,0.0,0.0
phy_min,0.1,close33_open13,0.0,0.006858544895868278,0.11825555555555556,0.0,0.0
phy_min,0.1,close34_open01,0.5645446979185385,0.12337882236458607,0.10506666666666667,0.8695490157326395,0.6249182843418202
phy_min,0.1,close34_open02,0.4301333333333333,0.046344639098519644,0.11536666666666667,0.7154093385681096,0.524148004638794
phy_min,0.1,close34_open04,0.39376666666666665,0.02462924304396578,0.11863333333333334,0.6556768302577441,0.49969214307412346
phy_min,0.1,close34_open06,0.0004222222222222222,0.07302249513518885,0.13984444444444444,0.0006058494219948778,0.0016992933883206666
phy_min,0.1,close34_open07,0.0055000000000000005,0.05313016346208904,0.14316666666666666,0.008055076605080123,0.019329424614792222
phy_min,0.1,close34_open08,0.008033333333333333,0.04718040228041489,0.1434111111111111,0.011829064698375278,0.027174252773365614
phy_min,0.1,close34_open09,0.010555555555555556,0.04166520483974237,0.14374444444444445,0.015663272295377378,0.034300613319676265
phy_min,0.1,close34_open10,0.014066666666666665,0.03684659528553096,0.14375555555555555,0.02098250249171801,0.04416512842189933
phy_min,0.1,close34_open17,0.03591111111111111,0.0,0.13654444444444444,0.06002544246038261,0.08206291925300757
phy_min,0.1,close34_open18,0.013255555555555555,0.0,0.1292,0.021797409396321788,0.03272047607366061
phy_min,0.1,close34_open19,0.005344444444444444,3.632862877588889e-05,0.12223333333333335,0.008618326896686299,0.0138748943953602
phy_min,0.1,close35_open05,0.37262222222222224,0.03422296241765639,0.12341111111111111,0.6202836606653014,0.4878499950871368
phy_min,0.1,close35_open06,0.28605555555555556,0.014634902187510743,0.13061111111111112,0.475875238654264,0.42049206362188263
phy_min,0.1,close35_open08,0.1488888888888889,0.0021949711130797,0.13546666666666668,0.24747172052620417,0.27257705338345234
phy_min,0.1,close35_open09,0.12264444444444446,0.0009205568403390222,0.13317777777777776,0.20300572397349587,0.23673546838054838
phy_min,0.1,close35_open10,0.09648888888888889,0.00035007693810791107,0.13493333333333332,0.160006091886614,0.1956128054406337
phy_min,0.1,close35_open11,0.06797777777777778,0.0002681452803681,0.13412222222222223,0.11207093409489641,0.14737921171072269
phy_min,0.1,close35_open12,0.061255555555555556,0.007283681221338333,0.1424888888888889,0.10099302108711998,0.1358908859523803
phy_min,0.1,close35_open13,0.0083,0.0024514872375723,0.13392222222222222,0.013323038868303612,0.021622757253199468
phy_min,0.1,close35_open14,0.0012111111111111112,0.0014616941329554335,0.12207777777777779,0.0018981665448825555,0.003343263747983089
phy_min,0.1,close35_open15,0.00016666666666666666,0.0009532765800026445,0.11053333333333333,0.00025653753933105555,0.0004762649024972
phy_min,0.1,close35_open16,0.0008333333333333333,0.0004084950424877778,0.11316666666666667,0.0012755681278544555,0.0023999053468204555
phy_min,0.1,close35_open24,0.3806333333333333,0.013111023449803312,0.1183888888888889,0.6364397061513145,0.48819115617078723
phy_min,0.1,close35_open25,0.36271111111111115,0.010251409909005756,0.11828888888888889,0.6067150270361384,0.4757115277493134
phy_min,0.1,close35_open26,0.3443777777777777,0.0066556342627553215,0.12005555555555555,0.5772691597517138,0.46152958691079604
phy_min,0.1,close35_open27,0.3264222222222222,0.0048177646958065005,0.12114444444444444,0.5482096862040009,0.44733104745201074
phy_min,0.1,close35_open29,0.11562222222222222,4.5388525780666665e-05,0.1354,0.19238965124129742,0.22466540084219494
phy_min,0.1,close36_open03,0.24715555555555557,0.0029183107418339557,0.132,0.4146109990479674,0.3802003887724476
phy_min,0.1,close36_open04,0.2355,0.002024961869654056,0.1323111111111111,0.3951308022959009,0.3686655491173583
phy_min,0.1,close36_open21,0.15083333333333332,0.0,0.1401777777777778,0.2552334424120359,0.26943036694243283
phy_min,0.1,close36_open22,0.1199888888888889,0.0,0.1403,0.2029753150172433,0.22690671785146296
phy_min,0.1,close36_open23,0.016766666666666666,0.0,0.1365111111111111,0.02800345379540771,0.04010760531700343
phy_min,0.1,close36_open24,2.2222222222222223e-05,0.050870698258260044,0.1368,3.1997450819055554e-05,8.203108978302222e-05
phy_min,0.1,close36_open25,0.0,0.055911947944407236,0.13807777777777777,0.0,0.0
phy_min,0.2,close32_open01,0.35991111111111107,0.011470348004124066,0.2449,0.6713502716921996,0.43795543448336965
phy_min,0.2,close32_open03,0.2018111111111111,9.798157946303333e-05,0.2662,0.37747554645457804,0.302499909176355
phy_min,0.2,close32_open04,0.18964444444444445,0.0,0.2672,0.35549784673806845,0.28901658395120094
phy_min,0.2,close32_open05,0.0,0.005382398758832722,0.25793333333333335,0.0,0.0
phy_min,0.2,close32_open06,0.0004333333333333333,0.01582116144538952,0.2787777777777778,0.0006021205345670778,0.0016095958208319555
phy_min,0.2,close32_open18,0.0,0.0,0.21517777777777777,0.0,0.0
phy_min,0.2,close32_open19,2.2222222222222223e-05,0.0,0.20844444444444443,3.5312604834288885e-05,5.993048064244445e-05
phy_min,0.2,close33_open08,0.0,0.0,0.21381111111111112,0.0,0.0
phy_min,0.2,close33_open10,0.0,3.2960875440844447e-05,0.21783333333333332,0.0,0.0
phy_min,0.2,close33_open13,0.0,0.00031008356954196665,0.21965555555555558,0.0,0.0
phy_min,0.2,close34_open01,0.4919114956770935,0.05794595452434955,0.21932222222222222,0.8438448935089881,0.5445139692410167
phy_min,0.2,close34_open02,0.36312222222222224,0.012393303869001221,0.24070000000000003,0.6720664898357733,0.44249500116237894
phy_min,0.2,close34_open04,0.3277777777777778,0.003578229100214433,0.24495555555555557,0.6080941270014267,0.41594611159286077
phy_min,0.2,close34_open06,0.0,0.02559564554319769,0.2725444444444445,0.0,0.0
phy_min,0.2,close34_open07,0.001011111111111111,0.01529718075721871,0.2718666666666667,0.001432963025263222,0.003554938190730989
phy_min,0.2,close34_open08,0.0018111111111111114,0.012933409201428821,0.27166666666666667,0.002598016212945722,0.006127166786613189
phy_min,0.2,close34_open09,0.003077777777777778,0.010206043603862389,0.2721222222222222,0.004470565023823633,0.0100045859816053
phy_min,0.2,close34_open10,0.0044555555555555555,0.008298288359209533,0.2724111111111111,0.0065495841489320115,0.013987241674665921
phy_min,0.2,close34_open17,0.0054666666666666665,0.0,0.26205555555555554,0.009628838096321346,0.012490399001284222
phy_min,0.2,close34_open18,0.00037777777777777777,0.0,0.2396,0.0006347438059756889,0.0009324180994533777
phy_min,0.2,close34_open19,0.0005333333333333334,0.0,0.22654444444444444,0.0008662875182996223,0.0013855841486300666
phy_min,0.2,close35_open05,0.3084777777777778,0.010402267335468033,0.25312222222222225,0.5689114720023274,0.4038549949603292
phy_min,0.2,close35_open06,0.22569999999999998,0.0019079162722326444,0.26387777777777777,0.4142425034351002,0.33176099462865727
phy_min,0.2,close35_open08,0.09523333333333334,7.276431637923333e-05,0.2730222222222222,0.17348557368566328,0.1743309084599024
phy_min,0.2,close35_open09,0.07062222222222221,0.0,0.2714666666666667,0.12781098594737988,0.13631631601488403
phy_min,0.2,close35_open10,0.05096666666666667,0.0,0.26715555555555554,0.09137943352408844,0.10333014360426378
phy_min,0.2,close35_open11,0.028233333333333333,0.0,0.2647,0.04979375807508408,0.061214117389693734
phy_min,0.2,close35_open12,0.020133333333333333,0.0006468445305592112,0.2784,0.03537699250949858,0.04466883019217993
phy_min,0.2,close35_open13,0.0,3.594665516373333e-05,0.23776666666666665,0.0,0.0
phy_min,0.2,close35_open14,0.0,0.0,0.22218888888888888,0.0,0.0
phy_min,0.2,close35_open15,0.0,0.0,0.211,0.0,0.0
phy_min,0.2,close35_open16,1.1111111111111112e-05,0.0,0.21516666666666667,1.6914463557777776e-05,3.237503237502222e-05
phy_min,0.2,close35_open24,0.31424444444444444,0.0025712194296459334,0.24187777777777775,0.5884573218643943,0.40302686807175836
phy_min,0.2,close35_open25,0.29636666666666667,0.0017010521990445666,0.2445222222222222,0.5554793416993307,0.3886812782407042
phy_min,0.2,close35_open26,0.2777888888888889,0.0015344249345434445,0.24604444444444443,0.5228673390037545,0.3722803169868378
phy_min,0.2,close35_open27,0.26168888888888886,0.0005746353968777889,0.24781111111111112,0.4920485395827985,0.358616443779965
phy_min,0.2,close35_open29,0.06714444444444445,0.0,0.2699888888888889,0.12152444993422952,0.1304689781488263
phy_min,0.2,close36_open03,0.18577777777777776,0.00018971429496803332,0.26765555555555554,0.3467747703062843,0.28577470216353656
phy_min,0.2,close36_open04,0.1735888888888889,0.0,0.26895555555555556,0.324564249238858,0.2717531325137223
phy_min,0.2,close36_open21,0.08853333333333332,0.0,0.2904,0.16745266617934987,0.15815089756146034
phy_min,0.2,close36_open22,0.06013333333333334,0.0,0.29056666666666664,0.11317503861282602,0.11372051478323542
phy_min,0.2,close36_open23,0.0006666666666666666,0.0,0.2471,0.0011443000081667223,0.0015947361465384112
phy_min,0.2,close36_open24,0.0,0.011420689321987445,0.26266666666666666,0.0,0.0
phy_min,0.2,close36_open25,0.0,0.013052074094826123,0.2655222222222222,0.0,0.0
physics_approval_only,0.05,close32_open01,0.0034333333333333334,0.016125573872578635,0.023144444444444443,0.019205250288410167,0.004178768448312145
physics_approval_only,0.05,close32_open03,0.0025444444444444447,0.009100647591523533,0.03568888888888889,0.007646320840844101,0.0038164009685190663
physics_approval_only,0.05,close32_open04,0.002577777777777778,0.0087992111138269,0.036455555555555554,0.007519387397002077,0.003924957297226189
physics_approval_only,0.05,close32_open05,3.3333333333333335e-05,0.003304607299905367,0.05041111111111111,4.6862552134566664e-05,0.00011630611770176669
physics_approval_only,0.05,close32_open06,0.0,0.0037901499942440665,0.051533333333333334,0.0,0.0
physics_approval_only,0.05,close32_open18,0.0005222222222222222,0.0034813096077017333,0.05263333333333334,0.0008422693848557223,0.0013805187199477224
physics_approval_only,0.05,close32_open19,0.0006222222222222223,0.003365310484633467,0.05154444444444444,0.0009850262167064444,0.0016962137833072223
physics_approval_only,0.05,close33_open08,0.00024444444444444443,0.0019333077411728,0.05362222222222222,0.0003637713245152556,0.0007475989367018888
physics_approval_only,0.05,close33_open10,0.00011111111111111112,0.002019016911572533,0.05335555555555556,0.00016457673152356667,0.00034328736171045554
physics_approval_only,0.05,close33_open13,7.777777777777778e-05,0.0021051167295141004,0.05348888888888889,0.00011503887029833334,0.00024079807361539996
physics_approval_only,0.05,close34_open01,0.004165602756947734,0.03364991528136956,0.011366666666666667,0.04271866346848536,0.004610929052265867
physics_approval_only,0.05,close34_open02,0.004133333333333333,0.014672575323385966,0.020755555555555555,0.022889692703401434,0.005034719813806
physics_approval_only,0.05,close34_open04,0.0032333333333333333,0.015373129061363733,0.024066666666666667,0.015208625173852344,0.004106647037637911
physics_approval_only,0.05,close34_open06,0.0,0.0029726458872701336,0.05202222222222222,0.0,0.0
physics_approval_only,0.05,close34_open07,0.0,0.0027488342043761336,0.05235555555555556,0.0,0.0
physics_approval_only,0.05,close34_open08,1.1111111111111112e-05,0.0030750881187844,0.053422222222222225,1.5785070480333333e-05,3.78572780617e-05
physics_approval_only,0.05,close34_open09,0.0,0.0033685446287169333,0.0523,0.0,0.0
physics_approval_only,0.05,close34_open10,0.0,0.0038171776446123337,0.0518,0.0,0.0
physics_approval_only,0.05,close34_open17,0.0005888888888888889,0.0036714864817560663,0.05226666666666666,0.0010531563184180556,0.0013403443480140334
physics_approval_only,0.05,close34_open18,0.0003777777777777778,0.0040932212514642,0.05078888888888889,0.0006373660912101555,0.0009323769283198889
physics_approval_only,0.05,close34_open19,0.0005222222222222222,0.0042864940338965,0.05177777777777778,0.0008517836437673445,0.001357185374762978
physics_approval_only,0.05,close35_open05,0.0012111111111111112,0.007044755606326933,0.027777777777777776,0.005148661438407567,0.0015846281791330999
physics_approval_only,0.05,close35_open06,0.0008333333333333333,0.006353373928237066,0.03425555555555556,0.0026163327707859002,0.0012250493329826
physics_approval_only,0.05,close35_open08,0.00023333333333333333,0.005497411609237633,0.042666666666666665,0.0005178350451861222,0.0004263097230144111
physics_approval_only,0.05,close35_open09,0.00035555555555555557,0.005191404149131567,0.04337777777777777,0.0007400755666868443,0.0006871778459096778
physics_approval_only,0.05,close35_open10,0.0002444444444444445,0.004731428511187667,0.045144444444444445,0.0004840689783349445,0.0004961167538463222
physics_approval_only,0.05,close35_open11,0.0003222222222222222,0.0058147268960667,0.049055555555555554,0.0006006307663813667,0.0006995208017224556
physics_approval_only,0.05,close35_open12,0.00042222222222222216,0.0021276021160129,0.05057777777777778,0.0007713698482446223,0.000934593579300511
physics_approval_only,0.05,close35_open13,0.0004,0.0036818738040019666,0.05216666666666667,0.0006499733147712334,0.0010445910398990442
physics_approval_only,0.05,close35_open14,0.0002888888888888889,0.0027740394168578333,0.05144444444444444,0.0004556291120983112,0.0007925800769627444
physics_approval_only,0.05,close35_open15,0.00025555555555555553,0.003218208840436833,0.051922222222222224,0.00039448969840407777,0.0007284153253681
physics_approval_only,0.05,close35_open16,0.00046666666666666666,0.0034196079964880334,0.053755555555555556,0.0007163473665839778,0.001345728226236811
physics_approval_only,0.05,close35_open24,0.005833333333333333,0.022274165857032,0.024544444444444445,0.026364307900822167,0.007483257801581132
physics_approval_only,0.05,close35_open25,0.0051222222222222225,0.021889169598298498,0.02542222222222222,0.02156155302395628,0.0067206601615599
physics_approval_only,0.05,close35_open26,0.005844444444444445,0.023787074203589834,0.026211111111111112,0.023002459737522088,0.00783891099623301
physics_approval_only,0.05,close35_open27,0.005322222222222222,0.0210067573410802,0.027933333333333334,0.019714090277971223,0.007294688163831977
physics_approval_only,0.05,close35_open29,0.00024444444444444443,0.0100198067049654,0.04407777777777778,0.0005095056070774,0.0004737795105545667
physics_approval_only,0.05,close36_open03,0.0006777777777777777,0.008292176564625935,0.03593333333333334,0.0019382054217060335,0.0010456008510920335
physics_approval_only,0.05,close36_open04,0.0005333333333333333,0.007937796330964,0.03771111111111111,0.0014841387798010333,0.0008353454122013333
physics_approval_only,0.05,close36_open21,0.0024000000000000002,0.004995901094403701,0.04766666666666666,0.0054485752300200445,0.004288300641893111
physics_approval_only,0.05,close36_open22,0.0023888888888888887,0.004812705816812767,0.04742222222222223,0.005073086802879689,0.0045139886037782
physics_approval_only,0.05,close36_open23,0.0011333333333333334,0.004185383229047433,0.052722222222222226,0.0019543517822790887,0.0027065902814836004
physics_approval_only,0.05,close36_open24,0.0,0.0031984647902241333,0.0511,0.0,0.0
physics_approval_only,0.05,close36_open25,0.0,0.002980898261403867,0.05173333333333333,0.0,0.0
physics_approval_only,0.1,close32_open01,0.0003888888888888889,0.016125573872578635,0.04395555555555555,0.0022343079991222555,0.0004723222861147
physics_approval_only,0.1,close32_open03,5.555555555555556e-05,0.009100647591523533,0.06753333333333333,0.00016696159783306666,8.362362534206667e-05
physics_approval_only,0.1,close32_open04,5.555555555555556e-05,0.0087992111138269,0.0688,0.00015988130623882223,8.560178051702223e-05
physics_approval_only,0.1,close32_open05,0.0,0.003304607299905367,0.09843333333333333,0.0,0.0
physics_approval_only,0.1,close32_open06,0.0,0.0037901499942440665,0.09976666666666667,0.0,0.0
physics_approval_only,0.1,close32_open18,0.0,0.0034813096077017333,0.10106666666666667,0.0,0.0
physics_approval_only,0.1,close32_open19,0.0,0.003365310484633467,0.09984444444444444,0.0,0.0
physics_approval_only,0.1,close33_open08,0.0,0.0019333077411728,0.10185555555555555,0.0,0.0
physics_approval_only,0.1,close33_open10,0.0,0.002019016911572533,0.10182222222222222,0.0,0.0
physics_approval_only,0.1,close33_open13,0.0,0.0021051167295141004,0.10162222222222222,0.0,0.0
physics_approval_only,0.1,close34_open01,0.0009877010050937222,0.03364991528136956,0.020722222222222222,0.010491856118217855,0.0010931478619541223
physics_approval_only,0.1,close34_open02,0.001,0.014672575323385966,0.04108888888888889,0.005648283134820233,0.0012175380668852
physics_approval_only,0.1,close34_open04,0.0004333333333333333,0.015373129061363733,0.04621111111111111,0.0020601171158547665,0.0005507617820893667
physics_approval_only,0.1,close34_open06,0.0,0.0029726458872701336,0.10004444444444444,0.0,0.0
physics_approval_only,0.1,close34_open07,0.0,0.0027488342043761336,0.10093333333333333,0.0,0.0
physics_approval_only,0.1,close34_open08,0.0,0.0030750881187844,0.10197777777777778,0.0,0.0
physics_approval_only,0.1,close34_open09,0.0,0.0033685446287169333,0.10216666666666667,0.0,0.0
physics_approval_only,0.1,close34_open10,0.0,0.0038171776446123337,0.1023111111111111,0.0,0.0
physics_approval_only,0.1,close34_open17,0.0,0.0036714864817560663,0.09888888888888889,0.0,0.0
physics_approval_only,0.1,close34_open18,0.0,0.0040932212514642,0.09811111111111111,0.0,0.0
physics_approval_only,0.1,close34_open19,0.0,0.0042864940338965,0.09892222222222222,0.0,0.0
physics_approval_only,0.1,close35_open05,3.3333333333333335e-05,0.007044755606326933,0.05182222222222222,0.00014386419220253335,4.3476370592566666e-05
physics_approval_only,0.1,close35_open06,0.0,0.006353373928237066,0.0640111111111111,0.0,0.0
physics_approval_only,0.1,close35_open08,0.0,0.005497411609237633,0.08016666666666666,0.0,0.0
physics_approval_only,0.1,close35_open09,0.0,0.005191404149131567,0.08264444444444445,0.0,0.0
physics_approval_only,0.1,close35_open10,0.0,0.004731428511187667,0.08536666666666666,0.0,0.0
physics_approval_only,0.1,close35_open11,0.0,0.0058147268960667,0.09246666666666667,0.0,0.0
physics_approval_only,0.1,close35_open12,0.0,0.0021276021160129,0.09545555555555556,0.0,0.0
physics_approval_only,0.1,close35_open13,0.0,0.0036818738040019666,0.09781111111111111,0.0,0.0
physics_approval_only,0.1,close35_open14,0.0,0.0027740394168578333,0.0997,0.0,0.0
physics_approval_only,0.1,close35_open15,0.0,0.003218208840436833,0.10101111111111111,0.0,0.0
physics_approval_only,0.1,close35_open16,0.0,0.0034196079964880334,0.1034888888888889,0.0,0.0
physics_approval_only,0.1,close35_open24,0.0016222222222222222,0.022274165857032,0.04632222222222222,0.0074712971740925555,0.0020812770431355553
physics_approval_only,0.1,close35_open25,0.001788888888888889,0.021889169598298498,0.047933333333333335,0.0076358783200755325,0.002347308280576289
physics_approval_only,0.1,close35_open26,0.0020555555555555553,0.023787074203589834,0.04964444444444444,0.008185794025728044,0.0027598226067383665
physics_approval_only,0.1,close35_open27,0.0015888888888888888,0.0210067573410802,0.05255555555555555,0.005986564950467744,0.002175484173102589
physics_approval_only,0.1,close35_open29,0.0,0.0100198067049654,0.08303333333333333,0.0,0.0
physics_approval_only,0.1,close36_open03,0.0,0.008292176564625935,0.06693333333333334,0.0,0.0
physics_approval_only,0.1,close36_open04,0.0,0.007937796330964,0.07003333333333334,0.0,0.0
physics_approval_only,0.1,close36_open21,0.0,0.004995901094403701,0.09008888888888889,0.0,0.0
physics_approval_only,0.1,close36_open22,0.0,0.004812705816812767,0.0914888888888889,0.0,0.0
physics_approval_only,0.1,close36_open23,0.0,0.004185383229047433,0.09934444444444444,0.0,0.0
physics_approval_only,0.1,close36_open24,0.0,0.0031984647902241333,0.10046666666666666,0.0,0.0
physics_approval_only,0.1,close36_open25,0.0,0.002980898261403867,0.09955555555555556,0.0,0.0
physics_approval_only,0.2,close32_open01,0.0,0.016125573872578635,0.0813,0.0,0.0
physics_approval_only,0.2,close32_open03,0.0,0.009100647591523533,0.12894444444444444,0.0,0.0
physics_approval_only,0.2,close32_open04,0.0,0.0087992111138269,0.1308888888888889,0.0,0.0
physics_approval_only,0.2,close32_open05,0.0,0.003304607299905367,0.1978888888888889,0.0,0.0
physics_approval_only,0.2,close32_open06,0.0,0.0037901499942440665,0.20142222222222222,0.0,0.0
physics_approval_only,0.2,close32_open18,0.0,0.0034813096077017333,0.19783333333333333,0.0,0.0
physics_approval_only,0.2,close32_open19,0.0,0.003365310484633467,0.19822222222222222,0.0,0.0
physics_approval_only,0.2,close33_open08,0.0,0.0019333077411728,0.20346666666666666,0.0,0.0
physics_approval_only,0.2,close33_open10,0.0,0.002019016911572533,0.20306666666666665,0.0,0.0
physics_approval_only,0.2,close33_open13,0.0,0.0021051167295141004,0.20326666666666668,0.0,0.0
physics_approval_only,0.2,close34_open01,0.00018101802518846668,0.03364991528136956,0.037477777777777777,0.001960325665964,0.00020012892961133332
physics_approval_only,0.2,close34_open02,6.666666666666667e-05,0.014672575323385966,0.07631111111111111,0.0003727389678172333,8.14605810516e-05
physics_approval_only,0.2,close34_open04,0.0,0.015373129061363733,0.08506666666666667,0.0,0.0
physics_approval_only,0.2,close34_open06,0.0,0.0029726458872701336,0.20074444444444445,0.0,0.0
physics_approval_only,0.2,close34_open07,0.0,0.0027488342043761336,0.2041,0.0,0.0
physics_approval_only,0.2,close34_open08,0.0,0.0030750881187844,0.2062,0.0,0.0
physics_approval_only,0.2,close34_open09,0.0,0.0033685446287169333,0.2071888888888889,0.0,0.0
physics_approval_only,0.2,close34_open10,0.0,0.0038171776446123337,0.20832222222222221,0.0,0.0
physics_approval_only,0.2,close34_open17,0.0,0.0036714864817560663,0.18702222222222223,0.0,0.0
physics_approval_only,0.2,close34_open18,0.0,0.0040932212514642,0.19226666666666667,0.0,0.0
physics_approval_only,0.2,close34_open19,0.0,0.0042864940338965,0.19604444444444444,0.0,0.0
physics_approval_only,0.2,close35_open05,0.0,0.007044755606326933,0.09626666666666667,0.0,0.0
physics_approval_only,0.2,close35_open06,0.0,0.006353373928237066,0.11783333333333333,0.0,0.0
physics_approval_only,0.2,close35_open08,0.0,0.005497411609237633,0.1525,0.0,0.0
physics_approval_only,0.2,close35_open09,0.0,0.005191404149131567,0.15886666666666666,0.0,0.0
physics_approval_only,0.2,close35_open10,0.0,0.004731428511187667,0.1653111111111111,0.0,0.0
physics_approval_only,0.2,close35_open11,0.0,0.0058147268960667,0.1756111111111111,0.0,0.0
physics_approval_only,0.2,close35_open12,0.0,0.0021276021160129,0.18272222222222223,0.0,0.0
physics_approval_only,0.2,close35_open13,0.0,0.0036818738040019666,0.19124444444444444,0.0,0.0
physics_approval_only,0.2,close35_open14,0.0,0.0027740394168578333,0.19553333333333334,0.0,0.0
physics_approval_only,0.2,close35_open15,0.0,0.003218208840436833,0.19953333333333334,0.0,0.0
physics_approval_only,0.2,close35_open16,0.0,0.0034196079964880334,0.20362222222222223,0.0,0.0
physics_approval_only,0.2,close35_open24,0.00013333333333333334,0.022274165857032,0.08426666666666666,0.0006296736729199333,0.0001701982920903
physics_approval_only,0.2,close35_open25,0.0001333333333333333,0.021889169598298498,0.08872222222222222,0.0005601356239684666,0.00017618864916866669
physics_approval_only,0.2,close35_open26,0.00013333333333333334,0.023787074203589834,0.0927,0.0005335257339380333,0.000179206127155
physics_approval_only,0.2,close35_open27,0.00019999999999999998,0.0210067573410802,0.09856666666666666,0.0007487451132723333,0.0002750004149487
physics_approval_only,0.2,close35_open29,0.0,0.0100198067049654,0.15984444444444446,0.0,0.0
physics_approval_only,0.2,close36_open03,0.0,0.008292176564625935,0.12765555555555555,0.0,0.0
physics_approval_only,0.2,close36_open04,0.0,0.007937796330964,0.13094444444444445,0.0,0.0
physics_approval_only,0.2,close36_open21,0.0,0.004995901094403701,0.16873333333333332,0.0,0.0
physics_approval_only,0.2,close36_open22,0.0,0.004812705816812767,0.1748888888888889,0.0,0.0
physics_approval_only,0.2,close36_open23,0.0,0.004185383229047433,0.19015555555555555,0.0,0.0
physics_approval_only,0.2,close36_open24,0.0,0.0031984647902241333,0.2023222222222222,0.0,0.0
physics_approval_only,0.2,close36_open25,0.0,0.002980898261403867,0.20132222222222224,0.0,0.0
physics_only_abs_margin,0.05,close32_open01,0.0064222222222222215,0.007432738441281734,0.0252,0.03505272042401775,0.007815665162796779
physics_only_abs_margin,0.05,close32_open03,0.005744444444444444,0.0042854399319501996,0.03553333333333333,0.017022948466882678,0.008615388425907734
physics_only_abs_margin,0.05,close32_open04,0.004866666666666667,0.004284211849509667,0.03782222222222223,0.014026056823035211,0.007414804590771344
physics_only_abs_margin,0.05,close32_open05,0.0007,0.00040248148521480003,0.050666666666666665,0.0009774906479081556,0.002461622315601789
physics_only_abs_margin,0.05,close32_open06,0.0004555555555555555,0.0005629169130673666,0.05274444444444445,0.0006255147282911888,0.0016749841902859222
physics_only_abs_margin,0.05,close32_open18,0.0015555555555555557,0.000803758684718311,0.05307777777777778,0.0024961482835623556,0.004117163225447755
physics_only_abs_margin,0.05,close32_open19,0.002088888888888889,0.0003330027149272667,0.05302222222222222,0.0032858734949207887,0.0057053903157576556
physics_only_abs_margin,0.05,close33_open08,0.0014444444444444444,0.0,0.05352222222222222,0.0021425960694955223,0.004412651743398911
physics_only_abs_margin,0.05,close33_open10,0.001,6.570272557235556e-05,0.05405555555555555,0.0014749441583561,0.0030962144195119225
physics_only_abs_margin,0.05,close33_open13,0.0009333333333333333,0.00011377745702987777,0.05427777777777778,0.0013717577214284332,0.0029118776335316445
physics_only_abs_margin,0.05,close34_open01,0.005657167709116856,0.02158071073527111,0.013477777777777778,0.0564054270926529,0.0062629167857544445
physics_only_abs_margin,0.05,close34_open02,0.0061333333333333335,0.008807487148469411,0.022077777777777776,0.033358736661791046,0.00747392109750211
physics_only_abs_margin,0.05,close34_open04,0.006222222222222223,0.006746224913551622,0.02547777777777778,0.028649895772325747,0.007900169519273378
physics_only_abs_margin,0.05,close34_open06,0.0002777777777777778,0.0004443931864536888,0.05176666666666666,0.0003701808832335222,0.0011127286476355332
physics_only_abs_margin,0.05,close34_open07,0.00039999999999999996,0.00038848982016208885,0.05322222222222222,0.0005586868956223889,0.0014072277659994666
physics_only_abs_margin,0.05,close34_open08,0.0003333333333333333,0.0003940284969895555,0.054655555555555554,0.00047307729838995556,0.0011280681714559556
physics_only_abs_margin,0.05,close34_open09,0.0003,0.0002893301477257667,0.05542222222222223,0.0004332783108578445,0.0009750552793001888
physics_only_abs_margin,0.05,close34_open10,0.0002888888888888889,0.0003913836902174,0.05581111111111111,0.0004240995876940111,0.0009060430717259
physics_only_abs_margin,0.05,close34_open17,0.0023888888888888887,0.0007104401240512112,0.05196666666666667,0.004234574454444844,0.005457398339577956
physics_only_abs_margin,0.05,close34_open18,0.002011111111111111,0.0010657847873603889,0.052277777777777784,0.003375286789311578,0.004959794909088122
physics_only_abs_margin,0.05,close34_open19,0.0023333333333333335,0.0012664674238692221,0.052500000000000005,0.0037819087460794,0.006065860487983922
physics_only_abs_margin,0.05,close35_open05,0.003522222222222222,0.0023982956263001,0.029222222222222222,0.014712824042000043,0.004613460395752133
physics_only_abs_margin,0.05,close35_open06,0.002633333333333333,0.0021838016965448443,0.03634444444444444,0.008189957633143211,0.003869649276249344
physics_only_abs_margin,0.05,close35_open08,0.0016222222222222222,0.002001588478936611,0.0455,0.003570629352206522,0.0029692669969488333
physics_only_abs_margin,0.05,close35_open09,0.002011111111111111,0.0023758396650004443,0.04326666666666667,0.004166864335072389,0.0038811056635395663
physics_only_abs_margin,0.05,close35_open10,0.0016666666666666666,0.0016452644649085223,0.0463,0.003278345107001356,0.003383246268469833
physics_only_abs_margin,0.05,close35_open11,0.001977777777777778,0.0020825529267820223,0.04812222222222222,0.003668575542469211,0.004283519390921789
physics_only_abs_margin,0.05,close35_open12,0.0020777777777777773,0.0002223290211265111,0.051255555555555554,0.0037696438071104887,0.004609906922785233
physics_only_abs_margin,0.05,close35_open13,0.0015999999999999999,0.0009752945822834001,0.053677777777777776,0.002590830556885378,0.004172666303454444
physics_only_abs_margin,0.05,close35_open14,0.0015777777777777778,0.0006455396567401889,0.05346666666666667,0.0024730035498413444,0.0043451510251051005
physics_only_abs_margin,0.05,close35_open15,0.0015222222222222223,0.00040778834075672223,0.053677777777777776,0.002331514198297178,0.004370032461011345
physics_only_abs_margin,0.05,close35_open16,0.0019,0.0007819567821047,0.05458888888888889,0.002900341442977355,0.005485777015750722
physics_only_abs_margin,0.05,close35_open24,0.008366666666666668,0.015367220721569467,0.025333333333333333,0.03707995650651649,0.010737408970714157
physics_only_abs_margin,0.05,close35_open25,0.008133333333333333,0.014879376913804788,0.026622222222222224,0.033568890694631044,0.010672045093177767
physics_only_abs_margin,0.05,close35_open26,0.008233333333333334,0.015130087025194479,0.028822222222222218,0.03183437775724998,0.011041618324507644
physics_only_abs_margin,0.05,close35_open27,0.007744444444444444,0.014983960025266977,0.030355555555555556,0.0282518446372369,0.010616977315962655
physics_only_abs_margin,0.05,close35_open29,0.001488888888888889,0.0038682901706316004,0.04597777777777778,0.0030720068503797887,0.0028915118566644003
physics_only_abs_margin,0.05,close36_open03,0.002266666666666667,0.003089377202219067,0.038766666666666665,0.006434983641331977,0.0034921449935258336
physics_only_abs_margin,0.05,close36_open04,0.0021777777777777776,0.0032906592172960887,0.039711111111111114,0.005998664386249055,0.0034134686554526113
physics_only_abs_margin,0.05,close36_open21,0.005377777777777777,0.0010565417373256665,0.04922222222222222,0.012090286205450588,0.009600671509526001
physics_only_abs_margin,0.05,close36_open22,0.005155555555555556,0.0009896865090809667,0.05021111111111111,0.010840235357994466,0.009744347299569711
physics_only_abs_margin,0.05,close36_open23,0.0032222222222222222,0.0008035349540429222,0.053566666666666665,0.005514191543663433,0.0077013252058258
physics_only_abs_margin,0.05,close36_open24,0.00022222222222222223,0.00021296520696638887,0.05223333333333333,0.0003044161174263445,0.0008229012278993889
physics_only_abs_margin,0.05,close36_open25,0.00011111111111111112,0.0002399882847292778,0.05223333333333333,0.0001508851794418111,0.0004212050289554666
physics_only_abs_margin,0.1,close32_open01,0.0016222222222222222,0.0030563526605345333,0.04922222222222222,0.009071292055819255,0.0019732914451674336
physics_only_abs_margin,0.1,close32_open03,0.0008777777777777777,0.0023118971819784,0.07111111111111111,0.0026382082093811556,0.0013152356414597112
physics_only_abs_margin,0.1,close32_open04,0.0008555555555555556,0.0017469076582445665,0.07247777777777778,0.0024847389576449336,0.0013045200625127666
physics_only_abs_margin,0.1,close32_open05,0.0,4.6257748172799994e-05,0.0988,0.0,0.0
physics_only_abs_margin,0.1,close32_open06,0.0,0.0,0.101,0.0,0.0
physics_only_abs_margin,0.1,close32_open18,3.3333333333333335e-05,0.0,0.1041,5.332764535451111e-05,8.886519150447779e-05
physics_only_abs_margin,0.1,close32_open19,0.0,3.5318217136377776e-05,0.10295555555555555,0.0,0.0
physics_only_abs_margin,0.1,close33_open08,3.3333333333333335e-05,0.0,0.10568888888888889,4.961055712653334e-05,0.00010156408693883332
physics_only_abs_margin,0.1,close33_open10,0.0,0.0,0.10522222222222223,0.0,0.0
physics_only_abs_margin,0.1,close33_open13,0.0,0.0,0.1055,0.0,0.0
physics_only_abs_margin,0.1,close34_open01,0.002625136413342067,0.013078354339870634,0.024577777777777778,0.026810640291892323,0.002905746329151578
physics_only_abs_margin,0.1,close34_open02,0.0027666666666666664,0.0039428186684205,0.04321111111111112,0.015291012153113256,0.0033691297417754226
physics_only_abs_margin,0.1,close34_open04,0.0016777777777777776,0.0032036648491055443,0.050633333333333336,0.007862323381539978,0.002130481175451989
physics_only_abs_margin,0.1,close34_open06,0.0,0.0,0.10012222222222222,0.0,0.0
physics_only_abs_margin,0.1,close34_open07,0.0,0.0,0.10551111111111111,0.0,0.0
physics_only_abs_margin,0.1,close34_open08,0.0,0.0,0.10601111111111111,0.0,0.0
physics_only_abs_margin,0.1,close34_open09,0.0,0.0,0.10696666666666667,0.0,0.0
physics_only_abs_margin,0.1,close34_open10,0.0,0.0,0.10824444444444443,0.0,0.0
physics_only_abs_margin,0.1,close34_open17,3.3333333333333335e-05,5.91436006624e-05,0.10105555555555555,5.904495705256668e-05,7.656672576948889e-05
physics_only_abs_margin,0.1,close34_open18,3.3333333333333335e-05,0.00033467203079026665,0.10200000000000001,5.580668564093333e-05,8.281573498963332e-05
physics_only_abs_margin,0.1,close34_open19,0.0,0.00028931728861109995,0.10283333333333333,0.0,0.0
physics_only_abs_margin,0.1,close35_open05,0.0005,0.0004771184812013222,0.057355555555555555,0.0021196398557374223,0.0006541058744311333
physics_only_abs_margin,0.1,close35_open06,0.00013333333333333334,0.0003075976622577667,0.06946666666666666,0.00041533519090646665,0.0001963959530492
physics_only_abs_margin,0.1,close35_open08,0.0,0.0005606314364014556,0.08468888888888888,0.0,0.0
physics_only_abs_margin,0.1,close35_open09,0.0,0.0005313115100705,0.0850888888888889,0.0,0.0
physics_only_abs_margin,0.1,close35_open10,0.0,0.0004372487886016333,0.09022222222222222,0.0,0.0
physics_only_abs_margin,0.1,close35_open11,0.0,0.0007835023812981,0.09412222222222222,0.0,0.0
physics_only_abs_margin,0.1,close35_open12,0.0,0.0,0.09703333333333333,0.0,0.0
physics_only_abs_margin,0.1,close35_open13,0.0,5.447513210216666e-05,0.10104444444444444,0.0,0.0
physics_only_abs_margin,0.1,close35_open14,0.0,1.7374685083822222e-05,0.10242222222222222,0.0,0.0
physics_only_abs_margin,0.1,close35_open15,3.3333333333333335e-05,5.078978109603334e-05,0.10381111111111112,5.147210212063333e-05,9.456264775413334e-05
physics_only_abs_margin,0.1,close35_open16,0.0,0.0,0.10656666666666666,0.0,0.0
physics_only_abs_margin,0.1,close35_open24,0.0035111111111111116,0.00851605880708859,0.05045555555555556,0.015766466146261968,0.004507743608513467
physics_only_abs_margin,0.1,close35_open25,0.0036,0.010291931354508678,0.050555555555555555,0.01507157140125761,0.004723809551535833
physics_only_abs_margin,0.1,close35_open26,0.0041,0.009261922256989467,0.054311111111111116,0.015978262532043444,0.005502543832543411
physics_only_abs_margin,0.1,close35_open27,0.0032666666666666664,0.010223161885569888,0.057244444444444445,0.012089836884864988,0.004472935351118989
physics_only_abs_margin,0.1,close35_open29,0.0,0.0015097883460501334,0.08945555555555557,0.0,0.0
physics_only_abs_margin,0.1,close36_open03,4.4444444444444447e-05,0.0009873572326127556,0.07393333333333334,0.00012507230990392224,6.89488744096111e-05
physics_only_abs_margin,0.1,close36_open04,9.999999999999999e-05,0.0013896450095711667,0.07455555555555556,0.0002734132054881667,0.0001577146880633222
physics_only_abs_margin,0.1,close36_open21,0.0004555555555555555,0.0,0.09556666666666666,0.0010351697056905443,0.0008129875515104667
physics_only_abs_margin,0.1,close36_open22,0.0005555555555555556,0.00014191413623836668,0.09762222222222222,0.0011813091915996222,0.001047691391954511
physics_only_abs_margin,0.1,close36_open23,0.00018888888888888888,0.00013340190887508888,0.10376666666666666,0.0003253178885128667,0.00045025366990775553
physics_only_abs_margin,0.1,close36_open24,0.0,0.0,0.10218888888888888,0.0,0.0
physics_only_abs_margin,0.1,close36_open25,0.0,4.4899425287333336e-05,0.1007,0.0,0.0
physics_only_abs_margin,0.2,close32_open01,8.888888888888889e-05,0.0001929012345679,0.09278888888888888,0.0005111995829320221,0.00010758809065362222
physics_only_abs_margin,0.2,close32_open03,3.3333333333333335e-05,0.00020220402386006666,0.14029999999999998,9.795278675676667e-05,5.052035970493333e-05
physics_only_abs_margin,0.2,close32_open04,0.0,0.00019593622792613333,0.14358888888888888,0.0,0.0
physics_only_abs_margin,0.2,close32_open05,0.0,0.0,0.19621111111111111,0.0,0.0
physics_only_abs_margin,0.2,close32_open06,0.0,0.0,0.1993111111111111,0.0,0.0
physics_only_abs_margin,0.2,close32_open18,0.0,0.0,0.2018888888888889,0.0,0.0
physics_only_abs_margin,0.2,close32_open19,0.0,0.0,0.20137777777777777,0.0,0.0
physics_only_abs_margin,0.2,close33_open08,0.0,0.0,0.20226666666666668,0.0,0.0
physics_only_abs_margin,0.2,close33_open10,0.0,0.0,0.2034111111111111,0.0,0.0
physics_only_abs_margin,0.2,close33_open13,0.0,0.0,0.20252222222222221,0.0,0.0
physics_only_abs_margin,0.2,close34_open01,0.0004457941567159111,0.0026355347137691,0.04635555555555556,0.004636417879571967,0.0004931022271358111
physics_only_abs_margin,0.2,close34_open02,0.00022222222222222223,0.00012064181445288889,0.08568888888888888,0.0012229652698619443,0.00027151094709804445
physics_only_abs_margin,0.2,close34_open04,0.00013333333333333334,0.0003191319610659,0.09665555555555555,0.0006240644507488,0.00016954389523136666
physics_only_abs_margin,0.2,close34_open06,0.0,0.0,0.1970888888888889,0.0,0.0
physics_only_abs_margin,0.2,close34_open07,0.0,0.0,0.205,0.0,0.0
physics_only_abs_margin,0.2,close34_open08,0.0,0.0,0.20837777777777777,0.0,0.0
physics_only_abs_margin,0.2,close34_open09,0.0,0.0,0.21133333333333335,0.0,0.0
physics_only_abs_margin,0.2,close34_open10,0.0,0.0,0.21534444444444445,0.0,0.0
physics_only_abs_margin,0.2,close34_open17,0.0,0.0,0.19702222222222224,0.0,0.0
physics_only_abs_margin,0.2,close34_open18,0.0,0.0,0.1998888888888889,0.0,0.0
physics_only_abs_margin,0.2,close34_open19,0.0,0.0,0.20234444444444444,0.0,0.0
physics_only_abs_margin,0.2,close35_open05,0.0,0.0,0.10765555555555556,0.0,0.0
physics_only_abs_margin,0.2,close35_open06,0.0,0.0,0.1302333333333333,0.0,0.0
physics_only_abs_margin,0.2,close35_open08,0.0,0.0,0.1640222222222222,0.0,0.0
physics_only_abs_margin,0.2,close35_open09,0.0,0.0,0.1706,0.0,0.0
physics_only_abs_margin,0.2,close35_open10,0.0,0.0,0.1739222222222222,0.0,0.0
physics_only_abs_margin,0.2,close35_open11,0.0,0.0,0.18363333333333334,0.0,0.0
physics_only_abs_margin,0.2,close35_open12,0.0,0.0,0.18704444444444446,0.0,0.0
physics_only_abs_margin,0.2,close35_open13,0.0,0.0,0.19566666666666668,0.0,0.0
physics_only_abs_margin,0.2,close35_open14,0.0,0.0,0.19944444444444442,0.0,0.0
physics_only_abs_margin,0.2,close35_open15,0.0,0.0,0.20356666666666667,0.0,0.0
physics_only_abs_margin,0.2,close35_open16,0.0,0.0,0.20977777777777779,0.0,0.0
physics_only_abs_margin,0.2,close35_open24,0.000988888888888889,0.002126719902704711,0.09406666666666667,0.0044814022645993,0.0012682913811001444
physics_only_abs_margin,0.2,close35_open25,0.0008444444444444444,0.003420230393926167,0.09885555555555554,0.003522788603536111,0.0011108265335335779
physics_only_abs_margin,0.2,close35_open26,0.0011555555555555555,0.0031392819216114446,0.10447777777777778,0.004533212154863344,0.0015504917619996556
physics_only_abs_margin,0.2,close35_open27,0.0007888888888888889,0.003304735248510022,0.10841111111111111,0.0029158824170494885,0.001082007223950689
physics_only_abs_margin,0.2,close35_open29,0.0,0.0,0.17186666666666667,0.0,0.0
physics_only_abs_margin,0.2,close36_open03,0.0,0.0,0.14045555555555556,0.0,0.0
physics_only_abs_margin,0.2,close36_open04,0.0,0.0,0.14443333333333333,0.0,0.0
physics_only_abs_margin,0.2,close36_open21,0.0,0.0,0.18630000000000002,0.0,0.0
physics_only_abs_margin,0.2,close36_open22,0.0,0.0,0.1927222222222222,0.0,0.0
physics_only_abs_margin,0.2,close36_open23,0.0,0.0,0.20007777777777777,0.0,0.0
physics_only_abs_margin,0.2,close36_open24,0.0,0.0,0.20064444444444446,0.0,0.0
physics_only_abs_margin,0.2,close36_open25,0.0,0.0,0.19772222222222224,0.0,0.0
physics_residual_margin,0.05,close32_open01,3.3333333333333335e-05,0.0013243059190334331,0.022822222222222223,0.00018885745306944444,4.049238743113333e-05
physics_residual_margin,0.05,close32_open03,3.3333333333333335e-05,0.0002700154737034,0.03591111111111111,9.795278675676667e-05,5.052035970493333e-05
physics_residual_margin,0.05,close32_open04,1.1111111111111112e-05,0.0002568433990773,0.03481111111111111,3.274715918393333e-05,1.6814635458700002e-05
physics_residual_margin,0.05,close32_open05,5.555555555555556e-05,0.0,0.049577777777777776,7.752620334738888e-05,0.0001959773750767111
physics_residual_margin,0.05,close32_open06,7.777777777777778e-05,0.0,0.05215555555555555,0.00010690897200625555,0.00028524453225612224
physics_residual_margin,0.05,close32_open18,3.3333333333333335e-05,0.0,0.050744444444444446,5.3753530120688895e-05,8.771904350075556e-05
physics_residual_margin,0.05,close32_open19,6.666666666666667e-05,0.0,0.05091111111111111,0.00010512236030912222,0.00018216507424266668
physics_residual_margin,0.05,close33_open08,3.3333333333333335e-05,0.0,0.05266666666666667,4.955987139981111e-05,0.00010178940207676667
physics_residual_margin,0.05,close33_open10,1.1111111111111112e-05,0.0,0.0526,1.640500680807778e-05,3.44210381385e-05
physics_residual_margin,0.05,close33_open13,2.2222222222222223e-05,0.0,0.05311111111111111,3.26446729183e-05,6.959488194856667e-05
physics_residual_margin,0.05,close34_open01,0.00010868915577691111,0.008969883344628967,0.011944444444444445,0.001139990250970311,0.00012022302249461112
physics_residual_margin,0.05,close34_open02,8.888888888888889e-05,0.0019618958654133664,0.0205,0.0004992583756429,0.00010817910790644445
physics_residual_margin,0.05,close34_open04,6.666666666666667e-05,0.0015865071420301112,0.022166666666666668,0.00031237984924624445,8.477194761566666e-05
physics_residual_margin,0.05,close34_open06,2.2222222222222223e-05,0.0,0.051588888888888886,2.9390586195233333e-05,9.103737084072221e-05
physics_residual_margin,0.05,close34_open07,0.0002777777777777778,0.0,0.05305555555555555,0.00038791091848557773,0.0009770698831692221
physics_residual_margin,0.05,close34_open08,0.0002444444444444445,4.734653316544445e-05,0.05323333333333333,0.0003472251772244111,0.0008249617735893444
physics_residual_margin,0.05,close34_open09,0.0003444444444444444,0.0,0.05372222222222222,0.0004973580364647889,0.0011190425823329555
physics_residual_margin,0.05,close34_open10,0.0004555555555555555,9.781955222117777e-05,0.05357777777777778,0.0006677994777417889,0.0014313255776569446
physics_residual_margin,0.05,close34_open17,1.1111111111111112e-05,0.0,0.05054444444444445,1.971103620916667e-05,2.546084122618889e-05
physics_residual_margin,0.05,close34_open18,3.3333333333333335e-05,0.0,0.049833333333333334,5.605014537176666e-05,8.223824750004443e-05
physics_residual_margin,0.05,close34_open19,4.4444444444444447e-05,0.0,0.050944444444444445,7.235601295555556e-05,0.00011517236357845556
physics_residual_margin,0.05,close35_open05,2.2222222222222223e-05,0.0005627172289914223,0.027366666666666664,9.158138539366666e-05,2.9344014554622223e-05
physics_residual_margin,0.05,close35_open06,0.0,0.0002446387174394667,0.0332,0.0,0.0
physics_residual_margin,0.05,close35_open08,0.0,0.0,0.041944444444444444,0.0,0.0
physics_residual_margin,0.05,close35_open09,0.0,4.6587467971111115e-05,0.042222222222222223,0.0,0.0
physics_residual_margin,0.05,close35_open10,0.0,2.2195587517199997e-05,0.04418888888888889,0.0,0.0
physics_residual_margin,0.05,close35_open11,1.1111111111111112e-05,0.0,0.047233333333333336,2.0454917362133334e-05,2.4318474745255555e-05
physics_residual_margin,0.05,close35_open12,1.1111111111111112e-05,0.0,0.048688888888888886,2.0398588417677776e-05,2.439857512321111e-05
physics_residual_margin,0.05,close35_open13,0.0,0.0,0.05054444444444445,0.0,0.0
physics_residual_margin,0.05,close35_open14,2.2222222222222223e-05,0.0,0.051500000000000004,3.5223049963888886e-05,6.019020103526667e-05
physics_residual_margin,0.05,close35_open15,0.0,0.0,0.05163333333333334,0.0,0.0
physics_residual_margin,0.05,close35_open16,2.2222222222222223e-05,3.3935129071422224e-05,0.05285555555555556,3.4127900995400006e-05,6.369393437952223e-05
physics_residual_margin,0.05,close35_open24,0.0010222222222222221,0.0048952328336718115,0.02458888888888889,0.004626616886125556,0.0013124613057602002
physics_residual_margin,0.05,close35_open25,0.0011555555555555555,0.006079791676064656,0.02476666666666667,0.004850105144571156,0.0015178582842849332
physics_residual_margin,0.05,close35_open26,0.0018666666666666666,0.0047977932378137885,0.02672222222222222,0.007326766782456255,0.0025030393367135
physics_residual_margin,0.05,close35_open27,0.0017666666666666668,0.0060941939114934444,0.0271,0.006540424766284789,0.002420246158030578
physics_residual_margin,0.05,close35_open29,0.0,0.0,0.04291111111111111,0.0,0.0
physics_residual_margin,0.05,close36_open03,0.0,9.450177618173333e-05,0.035,0.0,0.0
physics_residual_margin,0.05,close36_open04,1.1111111111111112e-05,3.0201443629e-05,0.036566666666666664,3.094155140937778e-05,1.73340266944e-05
physics_residual_margin,0.05,close36_open21,2.2222222222222223e-05,0.00032773962949053334,0.04848888888888889,5.018594299895555e-05,3.988926379497778e-05
physics_residual_margin,0.05,close36_open22,2.2222222222222223e-05,0.0001418943379617222,0.04802222222222222,4.729993288613333e-05,4.19231986219e-05
physics_residual_margin,0.05,close36_open23,5.555555555555556e-05,0.0,0.05106666666666667,9.555387665328889e-05,0.00013268573446575556
physics_residual_margin,0.05,close36_open24,1.1111111111111112e-05,1.5162542455111112e-05,0.049711111111111116,1.523739867128889e-05,4.101554489151111e-05
physics_residual_margin,0.05,close36_open25,1.1111111111111112e-05,1.496647509577778e-05,0.050355555555555556,1.5104827502866666e-05,4.2007981516477773e-05
physics_residual_margin,0.1,close32_open01,1.1111111111111112e-05,6.430041152263333e-05,0.044644444444444445,6.281012499214445e-05,1.3497462477044443e-05
physics_residual_margin,0.1,close32_open03,1.1111111111111112e-05,0.0,0.0682888888888889,3.2650928918922225e-05,1.6840119901644445e-05
physics_residual_margin,0.1,close32_open04,0.0,0.0,0.06911111111111111,0.0,0.0
physics_residual_margin,0.1,close32_open05,1.1111111111111112e-05,0.0,0.09824444444444444,1.557268550961111e-05,3.876870590058889e-05
physics_residual_margin,0.1,close32_open06,0.0,0.0,0.1005111111111111,0.0,0.0
physics_residual_margin,0.1,close32_open18,0.0,0.0,0.10216666666666667,0.0,0.0
physics_residual_margin,0.1,close32_open19,1.1111111111111112e-05,0.0,0.10263333333333333,1.7656302417144442e-05,2.9965240321222224e-05
physics_residual_margin,0.1,close33_open08,0.0,0.0,0.1031,0.0,0.0
physics_residual_margin,0.1,close33_open10,0.0,0.0,0.10346666666666667,0.0,0.0
physics_residual_margin,0.1,close33_open13,0.0,0.0,0.10336666666666666,0.0,0.0
physics_residual_margin,0.1,close34_open01,4.831968302285555e-05,0.0027355616315406332,0.022466666666666666,0.0005034782296424556,5.345735439551111e-05
physics_residual_margin,0.1,close34_open02,0.0,0.00012414649286155555,0.04058888888888889,0.0,0.0
physics_residual_margin,0.1,close34_open04,2.2222222222222223e-05,0.00015956598053294444,0.04585555555555556,0.00010627557255964445,2.8093833403555555e-05
physics_residual_margin,0.1,close34_open06,0.0,0.0,0.09895555555555556,0.0,0.0
physics_residual_margin,0.1,close34_open07,2.2222222222222223e-05,0.0,0.10452222222222222,3.108872722748889e-05,7.789071932077778e-05
physics_residual_margin,0.1,close34_open08,3.3333333333333335e-05,0.0,0.10477777777777778,4.7397883372044446e-05,0.0001122968057859111
physics_residual_margin,0.1,close34_open09,5.555555555555556e-05,0.0,0.10514444444444444,8.024626417408889e-05,0.00018051298058405555
physics_residual_margin,0.1,close34_open10,3.3333333333333335e-05,0.0,0.1071,4.890260059810001e-05,0.00010467262159875556
physics_residual_margin,0.1,close34_open17,0.0,0.0,0.0985111111111111,0.0,0.0
physics_residual_margin,0.1,close34_open18,0.0,0.0,0.10010000000000001,0.0,0.0
physics_residual_margin,0.1,close34_open19,0.0,0.0,0.10118888888888888,0.0,0.0
physics_residual_margin,0.1,close35_open05,0.0,4.578125715331111e-05,0.051755555555555555,0.0,0.0
physics_residual_margin,0.1,close35_open06,0.0,0.0,0.06345555555555556,0.0,0.0
physics_residual_margin,0.1,close35_open08,0.0,0.0,0.08268888888888888,0.0,0.0
physics_residual_margin,0.1,close35_open09,0.0,0.0,0.0822,0.0,0.0
physics_residual_margin,0.1,close35_open10,0.0,0.0,0.08622222222222223,0.0,0.0
physics_residual_margin,0.1,close35_open11,0.0,0.0,0.09184444444444445,0.0,0.0
physics_residual_margin,0.1,close35_open12,0.0,0.0,0.09404444444444444,0.0,0.0
physics_residual_margin,0.1,close35_open13,0.0,0.0,0.09715555555555555,0.0,0.0
physics_residual_margin,0.1,close35_open14,0.0,0.0,0.10176666666666667,0.0,0.0
physics_residual_margin,0.1,close35_open15,0.0,0.0,0.10217777777777777,0.0,0.0
physics_residual_margin,0.1,close35_open16,1.1111111111111112e-05,0.0,0.10441111111111111,1.701548409052222e-05,3.201126796632222e-05
physics_residual_margin,0.1,close35_open24,0.0005444444444444444,0.0013185172216117,0.04624444444444445,0.0024650547457209,0.0006986900430298556
physics_residual_margin,0.1,close35_open25,0.00036666666666666667,0.0020138608783386446,0.04877777777777778,0.0015224757163317445,0.0004831188538899778
physics_residual_margin,0.1,close35_open26,0.0009,0.002040762497678478,0.050722222222222224,0.0035406677980677113,0.0012063296160019445
physics_residual_margin,0.1,close35_open27,0.0007333333333333333,0.0022929012838748667,0.054877777777777775,0.0026998170596052333,0.001006921952359089
physics_residual_margin,0.1,close35_open29,0.0,0.0,0.08466666666666667,0.0,0.0
physics_residual_margin,0.1,close36_open03,0.0,0.0,0.06865555555555555,0.0,0.0
physics_residual_margin,0.1,close36_open04,0.0,0.0,0.07165555555555556,0.0,0.0
physics_residual_margin,0.1,close36_open21,1.1111111111111112e-05,7.519969041017778e-05,0.09176666666666666,2.5019390027266667e-05,1.998401278976667e-05
physics_residual_margin,0.1,close36_open22,1.1111111111111112e-05,2.344610911818889e-05,0.09384444444444445,2.344610911818889e-05,2.11197702169e-05
physics_residual_margin,0.1,close36_open23,1.1111111111111112e-05,0.0,0.10027777777777777,1.9223375624755555e-05,2.6323409407977777e-05
physics_residual_margin,0.1,close36_open24,0.0,0.0,0.10092222222222222,0.0,0.0
physics_residual_margin,0.1,close36_open25,0.0,0.0,0.10039999999999999,0.0,0.0
physics_residual_margin,0.2,close32_open01,0.0,0.0,0.08625555555555556,0.0,0.0
physics_residual_margin,0.2,close32_open03,0.0,0.0,0.13584444444444443,0.0,0.0
physics_residual_margin,0.2,close32_open04,0.0,0.0,0.13816666666666666,0.0,0.0
physics_residual_margin,0.2,close32_open05,0.0,0.0,0.19796666666666668,0.0,0.0
physics_residual_margin,0.2,close32_open06,0.0,0.0,0.19998888888888888,0.0,0.0
physics_residual_margin,0.2,close32_open18,0.0,0.0,0.20234444444444444,0.0,0.0
physics_residual_margin,0.2,close32_open19,0.0,0.0,0.2010888888888889,0.0,0.0
physics_residual_margin,0.2,close33_open08,0.0,0.0,0.20253333333333334,0.0,0.0
physics_residual_margin,0.2,close33_open10,0.0,0.0,0.20316666666666666,0.0,0.0
physics_residual_margin,0.2,close33_open13,0.0,0.0,0.20248888888888888,0.0,0.0
physics_residual_margin,0.2,close34_open01,0.0,0.0,0.04126666666666667,0.0,0.0
physics_residual_margin,0.2,close34_open02,0.0,0.0,0.07947777777777777,0.0,0.0
physics_residual_margin,0.2,close34_open04,0.0,0.0,0.09126666666666666,0.0,0.0
physics_residual_margin,0.2,close34_open06,0.0,0.0,0.19796666666666668,0.0,0.0
physics_residual_margin,0.2,close34_open07,0.0,0.0,0.20614444444444444,0.0,0.0
physics_residual_margin,0.2,close34_open08,0.0,0.0,0.2095,0.0,0.0
physics_residual_margin,0.2,close34_open09,0.0,0.0,0.21334444444444445,0.0,0.0
physics_residual_margin,0.2,close34_open10,0.0,0.0,0.2162222222222222,0.0,0.0
physics_residual_margin,0.2,close34_open17,0.0,0.0,0.19313333333333332,0.0,0.0
physics_residual_margin,0.2,close34_open18,0.0,0.0,0.19671111111111111,0.0,0.0
physics_residual_margin,0.2,close34_open19,0.0,0.0,0.20095555555555555,0.0,0.0
physics_residual_margin,0.2,close35_open05,0.0,0.0,0.1014111111111111,0.0,0.0
physics_residual_margin,0.2,close35_open06,0.0,0.0,0.12484444444444444,0.0,0.0
physics_residual_margin,0.2,close35_open08,0.0,0.0,0.16056666666666666,0.0,0.0
physics_residual_margin,0.2,close35_open09,0.0,0.0,0.16603333333333334,0.0,0.0
physics_residual_margin,0.2,close35_open10,0.0,0.0,0.17105555555555557,0.0,0.0
physics_residual_margin,0.2,close35_open11,0.0,0.0,0.1797888888888889,0.0,0.0
physics_residual_margin,0.2,close35_open12,0.0,0.0,0.18386666666666668,0.0,0.0
physics_residual_margin,0.2,close35_open13,0.0,0.0,0.19241111111111112,0.0,0.0
physics_residual_margin,0.2,close35_open14,0.0,0.0,0.19766666666666666,0.0,0.0
physics_residual_margin,0.2,close35_open15,0.0,0.0,0.2039111111111111,0.0,0.0
physics_residual_margin,0.2,close35_open16,0.0,0.0,0.20945555555555556,0.0,0.0
physics_residual_margin,0.2,close35_open24,6.666666666666667e-05,0.0,0.08832222222222222,0.0003076452397506333,8.509914604513334e-05
physics_residual_margin,0.2,close35_open25,5.555555555555556e-05,0.00019015936420803333,0.09455555555555556,0.00022548728395256666,7.370065740985556e-05
physics_residual_margin,0.2,close35_open26,8.888888888888889e-05,0.0001732143390635333,0.10034444444444444,0.00035164132012464443,0.00011897514132434443
physics_residual_margin,0.2,close35_open27,0.00014444444444444444,0.00011896264572923334,0.104,0.0005396890132978445,0.00019719649239715553
physics_residual_margin,0.2,close35_open29,0.0,0.0,0.1680222222222222,0.0,0.0
physics_residual_margin,0.2,close36_open03,0.0,0.0,0.13591111111111112,0.0,0.0
physics_residual_margin,0.2,close36_open04,0.0,0.0,0.13849999999999998,0.0,0.0
physics_residual_margin,0.2,close36_open21,0.0,0.0,0.18126666666666666,0.0,0.0
physics_residual_margin,0.2,close36_open22,0.0,0.0,0.18756666666666666,0.0,0.0
physics_residual_margin,0.2,close36_open23,0.0,0.0,0.19814444444444443,0.0,0.0
physics_residual_margin,0.2,close36_open24,0.0,0.0,0.2018888888888889,0.0,0.0
physics_residual_margin,0.2,close36_open25,0.0,0.0,0.19892222222222222,0.0,0.0
spread_norm,0.05,close32_open01,0.46882222222222225,0.06743939221845967,0.05283333333333333,0.7382659101417152,0.5704954673750916
spread_norm,0.05,close32_open03,0.3108666666666667,0.011948898034453957,0.05283333333333333,0.48592277294561864,0.4659637684490381
spread_norm,0.05,close32_open04,0.29932222222222227,0.009959410871530211,0.05283333333333333,0.46789594486455677,0.4561581926751958
spread_norm,0.05,close32_open05,0.0010666666666666665,0.06678542049890779,0.05283333333333333,0.001591628737017822,0.003755606202777922
spread_norm,0.05,close32_open06,0.007577777777777777,0.09596043730189448,0.05283333333333333,0.01135873830698749,0.02802347759249167
spread_norm,0.05,close32_open18,0.020200000000000003,0.0,0.05283333333333333,0.031429262617873155,0.0535147120524878
spread_norm,0.05,close32_open19,0.0114,0.00015792209387753333,0.05283333333333333,0.017668631883548,0.031135088409513456
spread_norm,0.05,close33_open08,0.0002888888888888889,0.012973450545257868,0.05283333333333333,0.0004355336470527333,0.0008802943172270001
spread_norm,0.05,close33_open10,0.0,0.017189457983465578,0.05283333333333333,0.0,0.0
spread_norm,0.05,close33_open13,0.0,0.020811699185226032,0.05283333333333333,0.0,0.0
spread_norm,0.05,close34_open01,0.5996784894773509,0.17834726097508502,0.05283333333333333,0.8830965237690287,0.6638121467053859
spread_norm,0.05,close34_open02,0.4694,0.0749035320900005,0.05283333333333333,0.738799188134653,0.5720168790511304
spread_norm,0.05,close34_open04,0.43508888888888886,0.05047501803506238,0.05283333333333333,0.6836957154199372,0.5521434847923867
spread_norm,0.05,close34_open06,0.0012666666666666668,0.10908834437404656,0.05283333333333333,0.0018881553602050445,0.005094871117247989
spread_norm,0.05,close34_open07,0.01018888888888889,0.08543549460397198,0.05283333333333333,0.015333337783369809,0.03580483860783246
spread_norm,0.05,close34_open08,0.013266666666666668,0.07734176625444743,0.05283333333333333,0.0200024274007175,0.04488184709115353
spread_norm,0.05,close34_open09,0.017566666666666668,0.06954537663903651,0.05283333333333333,0.02654841921465918,0.05708910542601975
spread_norm,0.05,close34_open10,0.02181111111111111,0.06295089014497975,0.05283333333333333,0.03302087733113838,0.06849430429567799
spread_norm,0.05,close34_open17,0.07787777777777777,3.9756220262477776e-05,0.05283333333333333,0.12163098613694613,0.17796417934192346
spread_norm,0.05,close34_open18,0.0468,0.0,0.05283333333333333,0.07296136698312977,0.11545762398729664
spread_norm,0.05,close34_open19,0.029333333333333336,0.00010861554593725556,0.05283333333333333,0.045535125131759134,0.07617510096559768
spread_norm,0.05,close35_open05,0.41471111111111114,0.05620545225750562,0.05283333333333333,0.6504050265984351,0.5429588412686132
spread_norm,0.05,close35_open06,0.3307,0.03253453650728094,0.05283333333333333,0.5167004084387736,0.4861329421285229
spread_norm,0.05,close35_open08,0.19325555555555557,0.009184206894170923,0.05283333333333333,0.30063191278580803,0.3538026839268833
spread_norm,0.05,close35_open09,0.16485555555555556,0.0056981540436239105,0.05283333333333333,0.2559612248736288,0.3182295779167173
spread_norm,0.05,close35_open10,0.1398111111111111,0.003024187819010678,0.05283333333333333,0.21675446586295236,0.28345826011265296
spread_norm,0.05,close35_open11,0.10731111111111111,0.0016717931065365667,0.05283333333333333,0.1663370465826032,0.2326354501396561
spread_norm,0.05,close35_open12,0.10588888888888888,0.018659497835822113,0.05283333333333333,0.16418053814796618,0.23494027587357888
spread_norm,0.05,close35_open13,0.04223333333333333,0.012698651619544955,0.05283333333333333,0.0649093524588998,0.11004585839920329
spread_norm,0.05,close35_open14,0.022044444444444443,0.01046341446464661,0.05283333333333333,0.033788317735356475,0.060729992433691246
spread_norm,0.05,close35_open15,0.0082,0.008212243915683854,0.05283333333333333,0.012525573893119155,0.02354843588743152
spread_norm,0.05,close35_open16,0.007222222222222223,0.007045050513291589,0.05283333333333333,0.0110135113881313,0.02081685580138109
spread_norm,0.05,close35_open24,0.4211888888888889,0.028436987525024757,0.05283333333333333,0.6630400229379856,0.5402141789032792
spread_norm,0.05,close35_open25,0.4031,0.02170943979535159,0.05283333333333333,0.6343171101141892,0.5286954472428571
spread_norm,0.05,close35_open26,0.38622222222222224,0.01590795154002618,0.05283333333333333,0.6072393646332582,0.5176252593687055
spread_norm,0.05,close35_open27,0.3686666666666667,0.011088089944832066,0.05283333333333333,0.579678197374498,0.5052294434355599
spread_norm,0.05,close35_open29,0.15497777777777777,0.0009170379055561222,0.05283333333333333,0.24218541444117492,0.30116413581791357
spread_norm,0.05,close36_open03,0.2928,0.010194413277669477,0.05283333333333333,0.4580743845302389,0.45043449737477226
spread_norm,0.05,close36_open04,0.2807,0.007598959655880767,0.05283333333333333,0.43915913538238754,0.43943202882150517
spread_norm,0.05,close36_open21,0.2026222222222222,0.001545548922145089,0.05283333333333333,0.3155837978096645,0.3619152740197475
spread_norm,0.05,close36_open22,0.17105555555555554,0.0006844745967013888,0.05283333333333333,0.2664907501766344,0.32346263993454827
spread_norm,0.05,close36_open23,0.05912222222222222,0.0,0.05283333333333333,0.09222847815310921,0.14141505562324566
spread_norm,0.05,close36_open24,0.0005333333333333333,0.08288435643363781,0.05283333333333333,0.0007958264733407778,0.0019716549958276553
spread_norm,0.05,close36_open25,0.0002444444444444445,0.09082269338825255,0.05283333333333333,0.0003633655469694222,0.0009288883588146555
spread_norm,0.1,close32_open01,0.44449999999999995,0.05121667335752722,0.10175555555555554,0.7244022393011004,0.5408889924308578
spread_norm,0.1,close32_open03,0.2914,0.006206031908016978,0.10175555555555554,0.46833983968137044,0.43677926981885407
spread_norm,0.1,close32_open04,0.2800666666666667,0.0048811399727434444,0.10175555555555554,0.4501103578622282,0.42680827068626737
spread_norm,0.1,close32_open05,0.0002777777777777778,0.04917631035142457,0.10175555555555554,0.00040649031590142223,0.0009826994448001555
spread_norm,0.1,close32_open06,0.004055555555555555,0.07779507608869747,0.10175555555555554,0.005991231554124756,0.01499937578774091
spread_norm,0.1,close32_open18,0.01151111111111111,0.0,0.10175555555555554,0.018152213973427457,0.030501878413004876
spread_norm,0.1,close32_open19,0.004522222222222223,3.5107461443666665e-05,0.10175555555555554,0.007082793683708889,0.012351347631596512
spread_norm,0.1,close33_open08,0.0001,0.006231946152287355,0.10175555555555554,0.00014982270786627778,0.0003046004099879667
spread_norm,0.1,close33_open10,0.0,0.009316875241356022,0.10175555555555554,0.0,0.0
spread_norm,0.1,close33_open13,0.0,0.012399346114123612,0.10175555555555554,0.0,0.0
spread_norm,0.1,close34_open01,0.5712169741598012,0.1490065148475443,0.10175555555555554,0.874176309336203,0.6323047643706325
spread_norm,0.1,close34_open02,0.4453666666666667,0.05673924258700336,0.10175555555555554,0.7246642338889492,0.542724354796905
spread_norm,0.1,close34_open04,0.4121444444444444,0.0359948303696738,0.10175555555555554,0.6685116690814862,0.5230186198505536
spread_norm,0.1,close34_open06,0.0004222222222222222,0.090630749866815,0.10175555555555554,0.0006162980358401778,0.0017069519161526667
spread_norm,0.1,close34_open07,0.006211111111111111,0.06892669895119008,0.10175555555555554,0.009236999718823144,0.021827421240822913
spread_norm,0.1,close34_open08,0.008611111111111111,0.06158403190275149,0.10175555555555554,0.012856739485067301,0.029132555880979023
spread_norm,0.1,close34_open09,0.012166666666666666,0.054362453047794024,0.10175555555555554,0.018244320112242987,0.03954226199514216
spread_norm,0.1,close34_open10,0.015511111111111111,0.04845595706065905,0.10175555555555554,0.023354500936110044,0.04871021911454241
spread_norm,0.1,close34_open17,0.06446666666666667,3.9756220262477776e-05,0.10175555555555554,0.10284051471913336,0.14731495945310605
spread_norm,0.1,close34_open18,0.03546666666666667,0.0,0.10175555555555554,0.05628650288265159,0.08749775609780094
spread_norm,0.1,close34_open19,0.019522222222222222,1.8164314387944444e-05,0.10175555555555554,0.03076519661283446,0.0507041214966623
spread_norm,0.1,close35_open05,0.3925666666666667,0.04274025862755368,0.10175555555555554,0.6345399098854473,0.5139587658675832
spread_norm,0.1,close35_open06,0.3108888888888889,0.023284185370643022,0.10175555555555554,0.4988770504181362,0.45700605708013164
spread_norm,0.1,close35_open08,0.1778,0.004800175586584856,0.10175555555555554,0.2825021871978726,0.3255073605624356
spread_norm,0.1,close35_open09,0.15045555555555554,0.0026775939059089223,0.10175555555555554,0.23838958888621622,0.2904328982188428
spread_norm,0.1,close35_open10,0.12603333333333333,0.0011385771769085113,0.10175555555555554,0.19935165835637284,0.255526372862087
spread_norm,0.1,close35_open11,0.09457777777777779,0.00045397528582180006,0.10175555555555554,0.14939287644086022,0.20503305316935272
spread_norm,0.1,close35_open12,0.09215555555555556,0.012853429220181522,0.10175555555555554,0.1452548624110489,0.20446603535115818
spread_norm,0.1,close35_open13,0.032266666666666666,0.007288748250359822,0.10175555555555554,0.050094637277392724,0.08408232259951616
spread_norm,0.1,close35_open14,0.014388888888888889,0.005232454715827534,0.10175555555555554,0.022197704476261355,0.03964408887200481
spread_norm,0.1,close35_open15,0.0041,0.0036811481060815224,0.10175555555555554,0.006274667336327967,0.011768775397816466
spread_norm,0.1,close35_open16,0.0035111111111111116,0.002808317286415178,0.10175555555555554,0.005363350541150933,0.010117433955151734
spread_norm,0.1,close35_open24,0.39816666666666667,0.019151792098658645,0.10175555555555554,0.6481937111511225,0.5106768341192004
spread_norm,0.1,close35_open25,0.3805,0.013991061466844744,0.10175555555555554,0.6189687293977021,0.49904195136748125
spread_norm,0.1,close35_open26,0.36436666666666667,0.009246242678417877,0.10175555555555554,0.5916232940644937,0.48832382287449466
spread_norm,0.1,close35_open27,0.34721111111111114,0.006103607258983177,0.10175555555555554,0.563755792850425,0.4758140624287475
spread_norm,0.1,close35_open29,0.1399111111111111,0.0002748069480129889,0.10175555555555554,0.22379831317518356,0.27188829166025624
spread_norm,0.1,close36_open03,0.27316666666666667,0.005237320664551833,0.10175555555555554,0.43966468698533145,0.42022645124712615
spread_norm,0.1,close36_open04,0.26135555555555556,0.0035973568494191113,0.10175555555555554,0.4206701437051695,0.4091438190898198
spread_norm,0.1,close36_open21,0.1857,0.00022830541309933332,0.10175555555555554,0.29677650855192744,0.3316892073786189
spread_norm,0.1,close36_open22,0.1544333333333333,9.460942415891112e-05,0.10175555555555554,0.24687648764857517,0.29203299882061834
spread_norm,0.1,close36_open23,0.04677777777777778,0.0,0.10175555555555554,0.07439990678755945,0.11188686322090617
spread_norm,0.1,close36_open24,0.00011111111111111112,0.06549061312442615,0.10175555555555554,0.00016221152842380002,0.0004118593132425555
spread_norm,0.1,close36_open25,5.555555555555556e-05,0.07248625302739949,0.10175555555555554,8.078253575766667e-05,0.00021051745189674443
spread_norm,0.2,close32_open01,0.39215555555555554,0.022480684252010778,0.20221111111111112,0.6923331466917516,0.477172135224422
spread_norm,0.2,close32_open03,0.2502888888888889,0.001269476607388311,0.20221111111111112,0.4294528887904776,0.3751366214553768
spread_norm,0.2,close32_open04,0.23936666666666667,0.0010675439703987666,0.20221111111111112,0.41063907453719767,0.3647636618921224
spread_norm,0.2,close32_open05,1.1111111111111112e-05,0.0257182620649449,0.20221111111111112,1.578058672221111e-05,3.976775630318889e-05
spread_norm,0.2,close32_open06,0.0007777777777777778,0.04880125638026007,0.20221111111111112,0.0011183468505486334,0.002875241754159644
spread_norm,0.2,close32_open18,0.003822222222222222,0.0,0.20221111111111112,0.006099172238276567,0.010125074053835488
spread_norm,0.2,close32_open19,0.0009333333333333333,0.0,0.20221111111111112,0.0014711558707675,0.002545003984563111
spread_norm,0.2,close33_open08,0.0,0.0015206914918154777,0.20221111111111112,0.0,0.0
spread_norm,0.2,close33_open10,0.0,0.002458981157248978,0.20221111111111112,0.0,0.0
spread_norm,0.2,close33_open13,0.0,0.004344685478438689,0.20221111111111112,0.0,0.0
spread_norm,0.2,close34_open01,0.5094560798375964,0.0911237159018159,0.20221111111111112,0.8529540576591175,0.5639324563653102
spread_norm,0.2,close34_open02,0.39365555555555554,0.025728458864848102,0.20221111111111112,0.6924865999239871,0.4796955983006838
spread_norm,0.2,close34_open04,0.36316666666666664,0.013711629967973588,0.20221111111111112,0.6345697243322042,0.4608458532729843
spread_norm,0.2,close34_open06,4.4444444444444447e-05,0.06081276047440985,0.20221111111111112,6.286533803953332e-05,0.00017901133054862222
spread_norm,0.2,close34_open07,0.0019333333333333331,0.0433158637346885,0.20221111111111112,0.0028156211145875442,0.006791742246259133
spread_norm,0.2,close34_open08,0.0031777777777777776,0.037496000077553576,0.20221111111111112,0.004661650398069967,0.010748168486465568
spread_norm,0.2,close34_open09,0.005322222222222222,0.03217998470014689,0.20221111111111112,0.007875784147984267,0.017298985120167188
spread_norm,0.2,close34_open10,0.007388888888888889,0.0276502916007468,0.20221111111111112,0.011020202888220722,0.02320563011762196
spread_norm,0.2,close34_open17,0.042555555555555555,1.9714533554133334e-05,0.20221111111111112,0.07032230348238937,0.09722359689829696
spread_norm,0.2,close34_open18,0.020066666666666667,0.0,0.20221111111111112,0.032631174721764605,0.04950076915202254
spread_norm,0.2,close34_open19,0.0078,0.0,0.20221111111111112,0.012517545946022722,0.020260967909437474
spread_norm,0.2,close35_open05,0.34515555555555555,0.020153161865083834,0.20221111111111112,0.5985636296012672,0.4518678314457117
spread_norm,0.2,close35_open06,0.26897777777777776,0.008615217799481746,0.20221111111111112,0.4589789923133524,0.39538094128287465
spread_norm,0.2,close35_open08,0.14678888888888889,0.000979620611594811,0.20221111111111112,0.2445635356896372,0.2687281053375727
spread_norm,0.2,close35_open09,0.12192222222222221,0.00048533478416606674,0.20221111111111112,0.20192732115553333,0.23534343899644325
spread_norm,0.2,close35_open10,0.09987777777777779,0.00019697824568875555,0.20221111111111112,0.16462962679745016,0.20248571415028685
spread_norm,0.2,close35_open11,0.07131111111111112,8.203156205228888e-05,0.20221111111111112,0.11687093568085835,0.15457515085531967
spread_norm,0.2,close35_open12,0.06672222222222222,0.004534705903986756,0.20221111111111112,0.10869858920964341,0.1480234237475061
spread_norm,0.2,close35_open13,0.0179,0.0017497802900367444,0.20221111111111112,0.028253164354432776,0.04664765018112495
spread_norm,0.2,close35_open14,0.006344444444444444,0.0010637664120091222,0.20221111111111112,0.0098686930651592,0.01747898621444058
spread_norm,0.2,close35_open15,0.0009555555555555555,0.0005790881527751,0.20221111111111112,0.0014651282841224333,0.002742891383600289
spread_norm,0.2,close35_open16,0.0007999999999999999,0.0004418305589652778,0.20221111111111112,0.001223630132102589,0.002307333372730611
spread_norm,0.2,close35_open24,0.3498111111111111,0.0066768542471004775,0.20221111111111112,0.615090294613009,0.44863424161913035
spread_norm,0.2,close35_open25,0.33326666666666666,0.004245692255628356,0.20221111111111112,0.5848091125528909,0.4370672484737264
spread_norm,0.2,close35_open26,0.31855555555555554,0.0022302653493967224,0.20221111111111112,0.5570084824938102,0.4269044449320186
spread_norm,0.2,close35_open27,0.30252222222222225,0.0013505577367678556,0.20221111111111112,0.5283746994311572,0.4145441867204165
spread_norm,0.2,close35_open29,0.11132222222222223,2.3124060585033332e-05,0.20221111111111112,0.18653559092404792,0.21632194323126852
spread_norm,0.2,close36_open03,0.23217777777777776,0.0010456662053554555,0.20221111111111112,0.3990237695004036,0.3571569681493065
spread_norm,0.2,close36_open04,0.22123333333333334,0.0006139677730002,0.20221111111111112,0.379917428384911,0.34631672966787463
spread_norm,0.2,close36_open21,0.14996666666666666,5.071593375891111e-05,0.20221111111111112,0.25409086265492564,0.2678577158039968
spread_norm,0.2,close36_open22,0.12067777777777779,2.3456008256511113e-05,0.20221111111111112,0.20385629063020538,0.22820245127281197
spread_norm,0.2,close36_open23,0.027944444444444445,0.0,0.20221111111111112,0.04578873196263267,0.06683667106480665
spread_norm,0.2,close36_open24,2.2222222222222223e-05,0.039553053387693694,0.20221111111111112,3.1624591873088884e-05,8.259904455883333e-05
spread_norm,0.2,close36_open25,0.0,0.0445445163948216,0.20221111111111112,0.0,0.0
